transaction_id,category,total_sales,category_avg_sales
T002054,Electrical,6854.40,661.01
T001605,Plumbing,6749.73,639.43
T007203,"Building Materials",5839.67,651.30
T007411,Hardware,5532.48,646.60
T003140,Plumbing,5106.80,639.43
T004501,Electrical,5068.62,661.01
T002643,"Lawn & Garden",5011.68,638.46
T004004,Electrical,4817.82,661.01
T006459,Appliances,4730.93,640.60
T003511,Electrical,4672.16,661.01
T007190,Paint,4597.12,622.84
T007082,Electrical,4398.10,661.01
T000134,Plumbing,4391.79,639.43
T005099,"Building Materials",4311.52,651.30
T002039,Electrical,4268.60,661.01
T001964,Paint,4230.94,622.84
T001236,Appliances,4190.16,640.60
T005248,Hardware,4181.40,646.60
T004463,"Lawn & Garden",4075.80,638.46
T006592,Electrical,4031.55,661.01
T006394,Hardware,4024.08,646.60
T001989,Hardware,4020.25,646.60
T002849,"Building Materials",4003.61,651.30
T000219,Plumbing,3975.00,639.43
T007462,Hardware,3942.82,646.60
T006500,"Building Materials",3942.60,651.30
T000190,Plumbing,3928.80,639.43
T006574,Appliances,3919.44,640.60
T005917,Appliances,3888.96,640.60
T000521,Plumbing,3881.04,639.43
T007391,Electrical,3863.40,661.01
T000844,Plumbing,3851.55,639.43
T000338,Plumbing,3841.50,639.43
T004668,Appliances,3830.52,640.60
T003527,"Building Materials",3815.90,651.30
T003321,Electrical,3742.92,661.01
T005029,"Building Materials",3719.54,651.30
T000152,Plumbing,3649.20,639.43
T004431,Paint,3635.45,622.84
T001995,Hardware,3619.77,646.60
T004672,"Building Materials",3595.46,651.30
T000631,"Building Materials",3589.68,651.30
T003493,Appliances,3579.29,640.60
T006374,Hardware,3539.69,646.60
T005993,Plumbing,3528.48,639.43
T005004,Plumbing,3514.06,639.43
T003585,"Lawn & Garden",3508.82,638.46
T005003,Hardware,3430.90,646.60
T006321,Hardware,3428.50,646.60
T007494,Hardware,3382.90,646.60
T001900,"Building Materials",3381.43,651.30
T007221,Hardware,3375.96,646.60
T000440,Electrical,3373.90,661.01
T002396,Hardware,3366.55,646.60
T001766,Paint,3355.30,622.84
T000846,Plumbing,3345.32,639.43
T005306,"Building Materials",3323.76,651.30
T003772,Hardware,3319.70,646.60
T003428,"Building Materials",3310.40,651.30
T000493,Plumbing,3308.90,639.43
T003427,"Building Materials",3269.76,651.30
T001693,Plumbing,3264.00,639.43
T003822,Plumbing,3256.70,639.43
T000501,Appliances,3250.70,640.60
T001667,Appliances,3247.70,640.60
T000915,Hardware,3229.50,646.60
T006627,"Building Materials",3211.67,651.30
T006705,"Lawn & Garden",3196.80,638.46
T004373,"Lawn & Garden",3162.88,638.46
T006982,Appliances,3155.24,640.60
T001914,Electrical,3153.26,661.01
T001435,Hardware,3146.30,646.60
T007416,"Lawn & Garden",3124.50,638.46
T000247,Paint,3100.20,622.84
T001576,Appliances,3091.55,640.60
T000097,"Building Materials",3077.50,651.30
T005792,Hardware,3071.70,646.60
T005662,Electrical,3070.43,661.01
T005841,"Building Materials",3069.78,651.30
T005804,Paint,3068.76,622.84
T007217,Paint,3065.10,622.84
T000837,Paint,3062.00,622.84
T002200,Paint,3034.98,622.84
T001507,"Building Materials",3005.64,651.30
T000659,Paint,2995.11,622.84
T002757,Appliances,2987.55,640.60
T005617,"Lawn & Garden",2972.58,638.46
T005344,Plumbing,2958.39,639.43
T006523,Plumbing,2933.73,639.43
T002337,"Lawn & Garden",2921.30,638.46
T001075,Appliances,2919.24,640.60
T006333,Plumbing,2898.24,639.43
T001948,"Lawn & Garden",2894.31,638.46
T004791,Plumbing,2884.50,639.43
T004912,"Building Materials",2859.12,651.30
T003111,"Lawn & Garden",2852.80,638.46
T004164,"Building Materials",2851.86,651.30
T004383,"lawn & garden",2842.08,638.46
T006787,"Lawn & Garden",2836.68,638.46
T003872,"Lawn & Garden",2820.06,638.46
T006544,Hardware,2812.37,646.60
T001853,"Building Materials",2812.23,651.30
T006287,Hardware,2807.64,646.60
T002776,Electrical,2805.53,661.01
T002127,Hardware,2804.85,646.60
T001869,Plumbing,2796.90,639.43
T000977,Appliances,2790.90,640.60
T001641,Appliances,2790.50,640.60
T005757,"Lawn & Garden",2789.19,638.46
T000488,"Lawn & Garden",2778.96,638.46
T004270,Appliances,2774.64,640.60
T000991,appliances,2729.84,640.60
T003142,"Building Materials",2722.88,651.30
T002198,Plumbing,2715.68,639.43
T005608,Appliances,2712.64,640.60
T003335,Plumbing,2712.60,639.43
T005546,Hardware,2707.40,646.60
T001415,Hardware,2704.52,646.60
T000730,Hardware,2702.28,646.60
T007484,Appliances,2699.28,640.60
T006505,Plumbing,2697.60,639.43
T004569,"Lawn & Garden",2697.00,638.46
T003252,Paint,2695.95,622.84
T002919,Appliances,2690.73,640.60
T005269,Plumbing,2686.00,639.43
T005426,"Building Materials",2678.40,651.30
T002283,Plumbing,2677.68,639.43
T003303,Appliances,2675.97,640.60
T002906,"building materials",2672.56,651.30
T003125,Plumbing,2670.24,639.43
T003211,Appliances,2662.08,640.60
T003092,Appliances,2659.95,640.60
T002254,Paint,2654.73,622.84
T006412,Hardware,2654.48,646.60
T003807,"Lawn & Garden",2652.13,638.46
T006654,"Building Materials",2627.92,651.30
T002199,Plumbing,2620.64,639.43
T001462,Plumbing,2618.88,639.43
T004018,"Building Materials",2613.60,651.30
T000906,Appliances,2611.08,640.60
T005760,Hardware,2600.37,646.60
T006149,"Lawn & Garden",2597.10,638.46
T000933,Hardware,2592.48,646.60
T001381,"Building Materials",2586.10,651.30
T003857,Electrical,2580.48,661.01
T006665,"Building Materials",2573.12,651.30
T000665,Plumbing,2569.84,639.43
T006670,"Building Materials",2565.18,651.30
T003018,Paint,2564.19,622.84
T000574,Appliances,2546.08,640.60
T005499,"Building Materials",2540.70,651.30
T000233,Paint,2540.64,622.84
T003480,Electrical,2537.44,661.01
T000332,"Building Materials",2537.10,651.30
T004703,Hardware,2537.01,646.60
T000507,Paint,2536.80,622.84
T005514,Paint,2524.90,622.84
T000230,Electrical,2518.80,661.01
T007103,Plumbing,2518.56,639.43
T004549,"building materials",2518.16,651.30
T005023,Electrical,2512.16,661.01
T001164,Electrical,2511.20,661.01
T005922,"Lawn & Garden",2508.33,638.46
T005485,Hardware,2505.00,646.60
T000268,Plumbing,2501.62,639.43
T005236,Hardware,2501.44,646.60
T004976,Hardware,2501.44,646.60
T000549,Appliances,2498.80,640.60
T000639,Plumbing,2497.04,639.43
T001188,"Building Materials",2490.75,651.30
T000244,Electrical,2485.98,661.01
T005237,Appliances,2483.70,640.60
T007454,Plumbing,2473.60,639.43
T007074,"Lawn & Garden",2469.15,638.46
T007493,Appliances,2459.79,640.60
T006107,Electrical,2455.02,661.01
T006569,Electrical,2451.50,661.01
T001574,"Lawn & Garden",2442.33,638.46
T007449,Electrical,2442.08,661.01
T002655,"Building Materials",2430.96,651.30
T006983,Paint,2428.80,622.84
T000641,Appliances,2427.74,640.60
T000842,Electrical,2426.83,661.01
T003599,Plumbing,2426.40,639.43
T001360,Hardware,2421.92,646.60
T004081,Hardware,2421.84,646.60
T003357,"Building Materials",2421.09,651.30
T006788,Hardware,2416.82,646.60
T003845,Electrical,2416.54,661.01
T001823,Electrical,2408.16,661.01
T002317,"Building Materials",2406.53,651.30
T004962,Hardware,2404.36,646.60
T006749,Appliances,2404.17,640.60
T003227,"Building Materials",2401.12,651.30
T006761,Hardware,2398.68,646.60
T005977,Paint,2397.76,622.84
T001078,Paint,2395.58,622.84
T001359,Paint,2390.90,622.84
T005469,"Building Materials",2379.80,651.30
T001777,Paint,2373.66,622.84
T007250,Paint,2360.40,622.84
T007270,Appliances,2358.16,640.60
T004723,"Lawn & Garden",2358.02,638.46
T006636,Plumbing,2357.36,639.43
T005015,"Lawn & Garden",2352.06,638.46
T004942,Hardware,2351.04,646.60
T006319,Plumbing,2339.46,639.43
T007487,Plumbing,2338.84,639.43
T003592,Paint,2337.16,622.84
T001215,Hardware,2334.15,646.60
T001778,Paint,2333.70,622.84
T002159,Plumbing,2333.70,639.43
T004596,Plumbing,2332.95,639.43
T002719,Paint,2332.61,622.84
T006015,"Building Materials",2331.60,651.30
T002078,Plumbing,2326.50,639.43
T000701,"Lawn & Garden",2322.27,638.46
T004429,Paint,2316.71,622.84
T000612,"Lawn & Garden",2314.48,638.46
T004032,Hardware,2314.00,646.60
T006129,Paint,2313.78,622.84
T000231,Appliances,2313.43,640.60
T000470,Paint,2313.04,622.84
T002048,Hardware,2308.24,646.60
T005891,Hardware,2304.10,646.60
T002123,"Lawn & Garden",2302.51,638.46
T001044,Plumbing,2299.71,639.43
T005129,Paint,2285.80,622.84
T001018,Electrical,2285.73,661.01
T003759,Appliances,2282.31,640.60
T004028,"Building Materials",2275.42,651.30
T005473,Plumbing,2272.92,639.43
T003943,"Building Materials",2272.16,651.30
T004143,Paint,2271.20,622.84
T006580,Paint,2266.67,622.84
T003343,Appliances,2266.65,640.60
T001927,"Lawn & Garden",2264.67,638.46
T007029,"Lawn & Garden",2264.22,638.46
T005243,Appliances,2262.60,640.60
T000957,Paint,2259.88,622.84
T005161,Hardware,2258.16,646.60
T002438,Plumbing,2254.91,639.43
T005863,Paint,2254.28,622.84
T000710,Paint,2251.71,622.84
T000691,Paint,2249.28,622.84
T001985,"Building Materials",2243.78,651.30
T006032,Plumbing,2242.31,639.43
T004087,"Building Materials",2241.40,651.30
T000359,Electrical,2240.64,661.01
T002386,"Lawn & Garden",2240.35,638.46
T000159,Electrical,2239.02,661.01
T006336,Hardware,2233.07,646.60
T005695,"Lawn & Garden",2230.47,638.46
T006384,"Lawn & Garden",2230.47,638.46
T005596,"Building Materials",2230.36,651.30
T006604,"Lawn & Garden",2230.34,638.46
T001899,Paint,2228.48,622.84
T001897,Hardware,2224.32,646.60
T007261,Hardware,2221.52,646.60
T003104,"Building Materials",2220.70,651.30
T000595,Plumbing,2220.57,639.43
T003783,"Building Materials",2218.90,651.30
T001981,Plumbing,2218.70,639.43
T004363,"Building Materials",2215.64,651.30
T001606,Paint,2214.30,622.84
T001466,Paint,2214.00,622.84
T000996,"Lawn & Garden",2213.73,638.46
T002285,Appliances,2204.79,640.60
T004747,Hardware,2203.92,646.60
T001676,Paint,2202.41,622.84
T007303,Plumbing,2200.64,639.43
T001204,"Lawn & Garden",2194.43,638.46
T004769,Plumbing,2191.23,639.43
T004300,plumbing,2185.80,639.43
T002343,Paint,2177.84,622.84
T007471,Electrical,2177.20,661.01
T002118,Electrical,2176.23,661.01
T001707,"Lawn & Garden",2174.20,638.46
T000642,Paint,2173.99,622.84
T001503,"Lawn & Garden",2173.29,638.46
T003338,Electrical,2172.60,661.01
T003219,Electrical,2170.49,661.01
T004319,Appliances,2169.18,640.60
T002227,Plumbing,2163.15,639.43
T004733,Electrical,2159.19,661.01
T003356,Electrical,2155.52,661.01
T001077,"Building Materials",2152.85,651.30
T003978,Hardware,2151.10,646.60
T000013,"Building Materials",2150.24,651.30
T002577,"Lawn & Garden",2147.40,638.46
T007152,"building materials",2146.50,651.30
T003238,Hardware,2137.59,646.60
T005395,Appliances,2134.30,640.60
T004333,Paint,2133.45,622.84
T007210,Electrical,2127.36,661.01
T003930,Electrical,2127.10,661.01
T006733,Paint,2126.18,622.84
T005228,Appliances,2119.18,640.60
T007171,Plumbing,2108.89,639.43
T004485,Hardware,2108.00,646.60
T000472,"Lawn & Garden",2105.36,638.46
T006748,"Lawn & Garden",2104.44,638.46
T004815,Hardware,2103.28,646.60
T003065,"Lawn & Garden",2100.96,638.46
T004453,"Building Materials",2100.84,651.30
T000852,Hardware,2099.88,646.60
T004997,"Building Materials",2096.93,651.30
T002383,Hardware,2094.90,646.60
T002739,Hardware,2094.26,646.60
T004603,"Lawn & Garden",2091.36,638.46
T005200,Hardware,2085.30,646.60
T001261,Hardware,2084.32,646.60
T001602,Hardware,2083.60,646.60
T003853,"Building Materials",2079.99,651.30
T000960,Appliances,2078.02,640.60
T005938,"Building Materials",2076.88,651.30
T005771,"Lawn & Garden",2076.20,638.46
T006907,Electrical,2075.48,661.01
T007147,Electrical,2074.82,661.01
T002235,Paint,2074.26,622.84
T003302,Appliances,2073.60,640.60
T006565,Plumbing,2073.19,639.43
T006285,Electrical,2072.82,661.01
T004618,"Building Materials",2069.46,651.30
T000649,Paint,2067.87,622.84
T005252,Hardware,2066.68,646.60
T006170,Paint,2065.50,622.84
T001658,Hardware,2063.92,646.60
T006537,Paint,2057.30,622.84
T005244,Plumbing,2054.15,639.43
T005620,"Building Materials",2054.00,651.30
T007180,Paint,2050.16,622.84
T003340,Paint,2048.58,622.84
T000287,Electrical,2047.80,661.01
T000873,Paint,2047.15,622.84
T006633,Appliances,2046.45,640.60
T000724,Hardware,2045.16,646.60
T000384,Electrical,2044.80,661.01
T003353,Plumbing,2042.19,639.43
T000916,Plumbing,2042.16,639.43
T003331,Appliances,2040.42,640.60
T001524,"Building Materials",2037.90,651.30
T002890,Appliances,2037.48,640.60
T006025,Appliances,2036.16,640.60
T006299,Hardware,2032.92,646.60
T002121,Hardware,2024.10,646.60
T005224,Paint,2021.49,622.84
T006410,Hardware,2021.40,646.60
T005530,Plumbing,2018.94,639.43
T001376,Electrical,2015.65,661.01
T007413,"Building Materials",2013.48,651.30
T006243,"Building Materials",2012.46,651.30
T004684,"Building Materials",2009.64,651.30
T000226,Electrical,2007.20,661.01
T006643,Plumbing,2006.94,639.43
T001623,Plumbing,2005.80,639.43
T001420,Appliances,2004.72,640.60
T007090,Hardware,2002.50,646.60
T003837,Hardware,2002.32,646.60
T001974,Electrical,2001.72,661.01
T001452,Appliances,2001.54,640.60
T004573,Appliances,1998.72,640.60
T002397,"Building Materials",1997.76,651.30
T001874,Electrical,1997.31,661.01
T003830,Electrical,1995.30,661.01
T005692,Paint,1994.67,622.84
T001040,Electrical,1994.24,661.01
T001375,Hardware,1993.38,646.60
T005233,Electrical,1992.48,661.01
T004923,"Lawn & Garden",1991.60,638.46
T001796,Paint,1991.22,622.84
T001258,"Lawn & Garden",1989.72,638.46
T003395,Appliances,1981.20,640.60
T001039,Paint,1979.82,622.84
T004045,Hardware,1979.60,646.60
T004932,Appliances,1976.94,640.60
T004848,"Building Materials",1975.96,651.30
T004208,"Lawn & Garden",1972.08,638.46
T002007,"Lawn & Garden",1971.97,638.46
T000943,Paint,1969.65,622.84
T004933,Paint,1965.60,622.84
T000151,Appliances,1963.26,640.60
T004754,Appliances,1960.08,640.60
T003342,Hardware,1959.60,646.60
T003982,Electrical,1958.94,661.01
T003588,Appliances,1956.60,640.60
T001814,Electrical,1955.12,661.01
T005987,Paint,1955.04,622.84
T004399,Paint,1951.60,622.84
T001313,Appliances,1951.04,640.60
T007456,Paint,1950.96,622.84
T004818,Plumbing,1950.12,639.43
T000463,"Building Materials",1949.76,651.30
T004591,Electrical,1947.54,661.01
T001437,Appliances,1946.14,640.60
T006110,"Building Materials",1944.66,651.30
T000902,"Building Materials",1944.64,651.30
T007223,Electrical,1942.92,661.01
T005948,Electrical,1941.92,661.01
T002810,Appliances,1939.74,640.60
T006659,Paint,1939.21,622.84
T002284,Paint,1939.08,622.84
T004760,Electrical,1937.97,661.01
T001349,"Lawn & Garden",1937.52,638.46
T002897,"Building Materials",1935.54,651.30
T002752,Electrical,1935.20,661.01
T000942,"Lawn & Garden",1932.56,638.46
T001036,Electrical,1931.88,661.01
T001718,Paint,1927.92,622.84
T001245,Electrical,1923.90,661.01
T005833,Hardware,1923.90,646.60
T007150,Paint,1920.80,622.84
T006183,Plumbing,1916.80,639.43
T004639,"Lawn & Garden",1916.16,638.46
T000800,"Building Materials",1912.74,651.30
T006351,Appliances,1911.36,640.60
T006429,Paint,1909.86,622.84
T006685,Paint,1908.80,622.84
T005899,Electrical,1908.72,661.01
T003201,Plumbing,1907.51,639.43
T002460,Electrical,1907.08,661.01
T002500,Hardware,1906.24,646.60
T005952,Hardware,1903.68,646.60
T000461,"Building Materials",1901.27,651.30
T004827,Appliances,1900.92,640.60
T003066,Hardware,1898.55,646.60
T000509,"Building Materials",1897.35,651.30
T006709,"Lawn & Garden",1896.79,638.46
T004118,Appliances,1895.52,640.60
T003569,Hardware,1895.46,646.60
T006971,Paint,1894.56,622.84
T001881,"Building Materials",1892.64,651.30
T001201,"Building Materials",1892.45,651.30
T005362,Electrical,1891.68,661.01
T003644,"Building Materials",1890.96,651.30
T000432,Electrical,1890.96,661.01
T004246,Electrical,1890.84,661.01
T004750,Hardware,1890.78,646.60
T005456,Hardware,1887.84,646.60
T007336,Hardware,1884.88,646.60
T002817,"Building Materials",1883.58,651.30
T002536,"Lawn & Garden",1871.87,638.46
T003751,Plumbing,1870.96,639.43
T004795,Appliances,1869.80,640.60
T005376,Paint,1860.66,622.84
T002084,Plumbing,1857.87,639.43
T007497,Paint,1857.12,622.84
T002140,Paint,1856.97,622.84
T000042,"Lawn & Garden",1855.28,638.46
T000758,Hardware,1853.64,646.60
T004665,"Lawn & Garden",1853.46,638.46
T000512,"Building Materials",1851.36,651.30
T006094,"Building Materials",1850.82,651.30
T002867,Plumbing,1850.04,639.43
T004095,Paint,1849.98,622.84
T007405,Plumbing,1849.08,639.43
T007388,"Building Materials",1848.96,651.30
T004055,Appliances,1848.72,640.60
T001121,Hardware,1848.00,646.60
T007106,Electrical,1846.25,661.01
T001569,Hardware,1842.96,646.60
T001844,Electrical,1841.58,661.01
T004461,"Lawn & Garden",1841.40,638.46
T001905,"Lawn & Garden",1841.04,638.46
T005526,Appliances,1837.38,640.60
T003524,Hardware,1835.82,646.60
T003455,Plumbing,1834.35,639.43
T000643,Paint,1833.30,622.84
T003640,"Building Materials",1832.31,651.30
T000603,Electrical,1831.60,661.01
T002098,"Building Materials",1826.72,651.30
T001715,Electrical,1825.74,661.01
T006156,Paint,1825.08,622.84
T004258,Hardware,1823.40,646.60
T001971,Paint,1817.58,622.84
T004380,Paint,1817.28,622.84
T001631,"Building Materials",1812.42,651.30
T002693,Paint,1811.68,622.84
T000792,"Building Materials",1811.39,651.30
T000161,Paint,1808.72,622.84
T001650,Plumbing,1808.46,639.43
T006334,"Building Materials",1806.49,651.30
T003970,Paint,1803.96,622.84
T001412,Appliances,1803.30,640.60
T005052,Hardware,1802.64,646.60
T001207,Hardware,1800.78,646.60
T003723,Plumbing,1797.39,639.43
T000719,Plumbing,1795.29,639.43
T003257,Plumbing,1794.54,639.43
T003596,"Building Materials",1793.75,651.30
T004623,Paint,1793.58,622.84
T006666,Plumbing,1792.84,639.43
T004582,Appliances,1792.74,640.60
T002789,Plumbing,1791.78,639.43
T001353,Appliances,1791.16,640.60
T005066,Electrical,1790.64,661.01
T004563,Paint,1790.32,622.84
T002289,"Building Materials",1789.02,651.30
T001794,Paint,1788.78,622.84
T003292,Electrical,1787.64,661.01
T000336,Paint,1782.76,622.84
T003284,Paint,1781.43,622.84
T002522,"Building Materials",1777.74,651.30
T006296,Paint,1776.90,622.84
T005887,"Building Materials",1773.73,651.30
T003039,Plumbing,1772.82,639.43
T005626,"Building Materials",1770.78,651.30
T005779,"Lawn & Garden",1769.46,638.46
T001764,Paint,1769.46,622.84
T003714,Electrical,1768.24,661.01
T002035,"Lawn & Garden",1767.85,638.46
T002174,Hardware,1764.72,646.60
T000575,"Lawn & Garden",1762.14,638.46
T002431,Plumbing,1759.80,639.43
T005423,"Building Materials",1757.52,651.30
T002773,Hardware,1756.26,646.60
T006036,Electrical,1752.00,661.01
T001475,Electrical,1750.40,661.01
T004570,Appliances,1750.14,640.60
T004663,Electrical,1749.12,661.01
T001249,Appliances,1749.05,640.60
T005175,"Building Materials",1748.72,651.30
T007357,Electrical,1748.10,661.01
T003116,Paint,1746.66,622.84
T001325,Appliances,1746.22,640.60
T001250,"Building Materials",1744.60,651.30
T004803,Hardware,1743.85,646.60
T006228,"Building Materials",1739.50,651.30
T000560,Paint,1738.40,622.84
T005702,Hardware,1737.70,646.60
T003698,Paint,1735.95,622.84
T001305,"Lawn & Garden",1735.80,638.46
T007339,"Building Materials",1734.06,651.30
T004160,Plumbing,1732.40,639.43
T007274,Plumbing,1731.84,639.43
T000277,Hardware,1729.76,646.60
T005778,Electrical,1728.61,661.01
T007039,"Lawn & Garden",1728.60,638.46
T007018,"Building Materials",1727.46,651.30
T000254,Electrical,1726.74,661.01
T004730,Plumbing,1724.40,639.43
T003136,Electrical,1724.10,661.01
T005880,Hardware,1723.28,646.60
T003088,Plumbing,1722.42,639.43
T000207,Electrical,1722.00,661.01
T002109,Appliances,1721.00,640.60
T007232,"Building Materials",1720.05,651.30
T002520,Hardware,1718.90,646.60
T005143,"Building Materials",1718.32,651.30
T003471,"Building Materials",1717.80,651.30
T004995,Appliances,1717.14,640.60
T000899,"Lawn & Garden",1713.70,638.46
T003385,Paint,1713.40,622.84
T005033,Appliances,1712.45,640.60
T001185,Hardware,1711.05,646.60
T005754,"Building Materials",1710.20,651.30
T002987,Paint,1709.90,622.84
T006146,Appliances,1709.85,640.60
T006240,Appliances,1708.63,640.60
T004560,Appliances,1707.58,640.60
T004152,Paint,1707.20,622.84
T004070,Electrical,1703.95,661.01
T004982,Appliances,1703.82,640.60
T006683,"Building Materials",1703.15,651.30
T001756,"Lawn & Garden",1702.65,638.46
T006653,Appliances,1702.08,640.60
T000950,"Lawn & Garden",1701.66,638.46
T005453,Plumbing,1700.65,639.43
T000822,Hardware,1699.95,646.60
T003749,Appliances,1698.90,640.60
T001876,Hardware,1698.72,646.60
T004794,"Lawn & Garden",1697.60,638.46
T003695,Hardware,1697.00,646.60
T000021,"Lawn & Garden",1697.00,638.46
T000845,Hardware,1696.68,646.60
T006164,Electrical,1695.85,661.01
T001810,Electrical,1694.70,661.01
T000491,"Building Materials",1693.20,651.30
T004583,"Building Materials",1690.55,651.30
T005173,Plumbing,1689.70,639.43
T002941,"Building Materials",1689.18,651.30
T003900,Appliances,1688.50,640.60
T003339,"Lawn & Garden",1687.76,638.46
T003728,Electrical,1686.35,661.01
T002187,Appliances,1685.74,640.60
T004957,"Lawn & Garden",1680.90,638.46
T002762,"Building Materials",1679.55,651.30
T004464,Electrical,1677.90,661.01
T005131,Paint,1676.82,622.84
T006226,Paint,1675.74,622.84
T001913,Electrical,1672.83,661.01
T003015,Hardware,1670.70,646.60
T000249,"Lawn & Garden",1670.08,638.46
T000964,Hardware,1670.00,646.60
T004940,Paint,1669.44,622.84
T000582,"Lawn & Garden",1667.60,638.46
T004756,Appliances,1666.07,640.60
T001308,Appliances,1664.53,640.60
T000508,"Lawn & Garden",1664.10,638.46
T006779,Appliances,1663.92,640.60
T003856,"Lawn & Garden",1663.68,638.46
T000364,"Building Materials",1663.48,651.30
T007197,"Lawn & Garden",1663.30,638.46
T000302,"Building Materials",1661.70,651.30
T003792,Plumbing,1660.50,639.43
T003413,Electrical,1659.78,661.01
T006936,"Lawn & Garden",1658.28,638.46
T002621,"Building Materials",1656.63,651.30
T007385,Hardware,1656.55,646.60
T001243,Electrical,1656.18,661.01
T006172,Appliances,1654.38,640.60
T002997,Paint,1653.80,622.84
T005747,"Lawn & Garden",1651.74,638.46
T004508,"Building Materials",1651.65,651.30
T004802,"Lawn & Garden",1651.55,638.46
T002060,Paint,1648.92,622.84
T002524,Paint,1648.16,622.84
T007161,"Lawn & Garden",1647.35,638.46
T004924,"Lawn & Garden",1646.70,638.46
T005547,"Building Materials",1644.45,651.30
T005268,Electrical,1644.45,661.01
T003135,Paint,1643.90,622.84
T005428,"Building Materials",1641.90,651.30
T001671,Hardware,1639.28,646.60
T001824,"Building Materials",1638.70,651.30
T000740,Appliances,1636.30,640.60
T003869,Plumbing,1635.20,639.43
T001720,Appliances,1634.22,640.60
T006242,Hardware,1634.00,646.60
T003157,Plumbing,1633.92,639.43
T006620,Electrical,1633.55,661.01
T002708,"Lawn & Garden",1632.85,638.46
T002454,Hardware,1631.77,646.60
T006014,Paint,1629.70,622.84
T005914,"Building Materials",1627.36,651.30
T001843,Hardware,1626.90,646.60
T005565,Appliances,1626.55,640.60
T006028,"Building Materials",1626.55,651.30
T003793,Paint,1624.48,622.84
T001500,"Lawn & Garden",1623.80,638.46
T004390,Plumbing,1623.78,639.43
T003349,"Lawn & Garden",1623.54,638.46
T000848,Paint,1623.45,622.84
T001454,Plumbing,1622.85,639.43
T002336,Electrical,1622.74,661.01
T004465,Hardware,1620.08,646.60
T000637,Electrical,1619.76,661.01
T005847,Appliances,1618.80,640.60
T007105,Plumbing,1618.35,639.43
T000551,Appliances,1618.10,640.60
T006812,Hardware,1615.55,646.60
T002467,"Building Materials",1614.97,651.30
T000504,Appliances,1613.70,640.60
T001820,Paint,1612.80,622.84
T002031,"Lawn & Garden",1611.48,638.46
T003166,"Building Materials",1609.40,651.30
T002698,Plumbing,1609.08,639.43
T003933,Plumbing,1608.45,639.43
T004412,"Lawn & Garden",1608.11,638.46
T000073,"Lawn & Garden",1606.43,638.46
T001716,Plumbing,1606.35,639.43
T007285,"lawn & garden",1606.10,638.46
T007427,Paint,1605.30,622.84
T005609,Paint,1605.20,622.84
T004587,Plumbing,1603.62,639.43
T002637,Paint,1602.10,622.84
T006418,"lawn & garden",1600.16,638.46
T001092,"Building Materials",1598.88,651.30
T005272,Appliances,1597.68,640.60
T004379,Hardware,1596.20,646.60
T002894,Appliances,1596.07,640.60
T003482,Plumbing,1595.55,639.43
T006496,Hardware,1594.90,646.60
T001882,Hardware,1594.45,646.60
T001062,"Building Materials",1593.18,651.30
T004421,Paint,1592.10,622.84
T002631,Hardware,1590.35,646.60
T004994,Hardware,1590.15,646.60
T007112,Appliances,1589.21,640.60
T005043,Paint,1588.93,622.84
T006425,Electrical,1588.37,661.01
T004001,"Building Materials",1587.90,651.30
T001910,Electrical,1587.74,661.01
T006926,Paint,1586.00,622.84
T007179,"Lawn & Garden",1585.01,638.46
T005020,Appliances,1584.54,640.60
T001384,"Lawn & Garden",1584.12,638.46
T005105,Paint,1578.00,622.84
T005506,Hardware,1577.40,646.60
T001485,Appliances,1576.90,640.60
T001477,"Building Materials",1576.50,651.30
T000967,Electrical,1575.40,661.01
T004209,Paint,1575.10,622.84
T004752,Electrical,1574.85,661.01
T002875,Plumbing,1574.34,639.43
T000070,"Lawn & Garden",1574.16,638.46
T004204,Hardware,1573.81,646.60
T007366,"Lawn & Garden",1571.94,638.46
T002061,"Lawn & Garden",1570.98,638.46
T002272,Electrical,1569.33,661.01
T004382,"Building Materials",1569.20,651.30
T003967,"Lawn & Garden",1568.95,638.46
T003741,Plumbing,1568.75,639.43
T001791,"Lawn & Garden",1566.30,638.46
T004649,"Lawn & Garden",1565.76,638.46
T001010,Paint,1565.16,622.84
T001467,Hardware,1563.66,646.60
T004659,Electrical,1563.48,661.01
T003239,"Building Materials",1563.38,651.30
T003951,Appliances,1561.00,640.60
T007468,Plumbing,1560.75,639.43
T001128,"Building Materials",1560.00,651.30
T004332,Hardware,1559.97,646.60
T001851,"Lawn & Garden",1559.46,638.46
T004275,"Building Materials",1559.36,651.30
T006797,Paint,1555.82,622.84
T002578,"Building Materials",1554.90,651.30
T005320,"Lawn & Garden",1553.16,638.46
T004313,Paint,1552.85,622.84
T000966,Hardware,1549.70,646.60
T002261,Plumbing,1547.36,639.43
T007004,Appliances,1547.25,640.60
T006746,Appliances,1546.60,640.60
T001291,Hardware,1544.45,646.60
T001571,Appliances,1544.31,640.60
T007002,"Lawn & Garden",1541.50,638.46
T005358,"Lawn & Garden",1540.77,638.46
T001350,Appliances,1538.53,640.60
T005149,Plumbing,1535.90,639.43
T002193,"Building Materials",1533.95,651.30
T003023,Plumbing,1533.10,639.43
T002318,Plumbing,1531.70,639.43
T006712,Electrical,1531.50,661.01
T001143,"Lawn & Garden",1531.45,638.46
T006068,Electrical,1531.28,661.01
T001505,Appliances,1527.30,640.60
T006782,Hardware,1525.90,646.60
T001673,"Building Materials",1524.84,651.30
T004955,Plumbing,1522.57,639.43
T001499,Plumbing,1521.84,639.43
T005595,Appliances,1521.48,640.60
T004948,Hardware,1521.18,646.60
T004280,Hardware,1518.30,646.60
T004182,Hardware,1517.40,646.60
T003850,Electrical,1515.90,661.01
T005096,Appliances,1514.79,640.60
T002877,Paint,1514.40,622.84
T001093,Electrical,1514.34,661.01
T005114,Plumbing,1514.10,639.43
T007291,"Building Materials",1513.50,651.30
T000673,Appliances,1512.24,640.60
T000588,Hardware,1510.30,646.60
T003192,"Lawn & Garden",1508.55,638.46
T006721,Appliances,1508.32,640.60
T001090,Plumbing,1504.09,639.43
T006904,"Lawn & Garden",1502.64,638.46
T000814,Hardware,1500.40,646.60
T000191,Electrical,1499.05,661.01
T001457,Plumbing,1498.70,639.43
T000597,Paint,1494.42,622.84
T004869,Appliances,1494.40,640.60
T002063,"Building Materials",1494.40,651.30
T001553,Plumbing,1493.10,639.43
T006543,Paint,1491.44,622.84
T007437,Paint,1490.70,622.84
T006954,Electrical,1489.46,661.01
T004312,Hardware,1488.05,646.60
T005915,"Building Materials",1486.32,651.30
T006542,Hardware,1484.46,646.60
T004225,Electrical,1484.25,661.01
T006759,Hardware,1481.76,646.60
T003047,Hardware,1477.68,646.60
T002499,"Building Materials",1477.35,651.30
T000046,"Building Materials",1476.99,651.30
T006033,Hardware,1476.60,646.60
T000872,Appliances,1475.40,640.60
T005251,Appliances,1474.05,640.60
T002459,Appliances,1474.00,640.60
T002597,Paint,1473.50,622.84
T003584,Electrical,1473.15,661.01
T003103,Plumbing,1472.45,639.43
T007395,"Lawn & Garden",1469.95,638.46
T001049,paint,1469.55,622.84
T004533,Hardware,1466.88,646.60
T005292,Appliances,1466.76,640.60
T001160,Appliances,1459.05,640.60
T001702,"Lawn & Garden",1458.85,638.46
T004407,Electrical,1458.00,661.01
T003297,Electrical,1457.30,661.01
T002364,Hardware,1456.91,646.60
T003333,Plumbing,1456.40,639.43
T006484,Appliances,1456.35,640.60
T000636,"Building Materials",1456.29,651.30
T004674,Paint,1455.80,622.84
T002167,"Lawn & Garden",1450.30,638.46
T005791,Appliances,1448.65,640.60
T002715,Appliances,1448.00,640.60
T001519,Plumbing,1445.70,639.43
T003372,Plumbing,1445.52,639.43
T003070,Plumbing,1444.08,639.43
T003488,Hardware,1442.58,646.60
T005379,Electrical,1438.80,661.01
T006234,Appliances,1437.73,640.60
T003961,Paint,1437.10,622.84
T005640,Appliances,1436.45,640.60
T003721,Appliances,1436.22,640.60
T006973,Plumbing,1434.06,639.43
T002914,Hardware,1434.05,646.60
T001831,Paint,1432.98,622.84
T001069,"Building Materials",1431.90,651.30
T003087,"Building Materials",1431.65,651.30
T006071,Paint,1431.57,622.84
T006298,"Lawn & Garden",1429.30,638.46
T004330,"Lawn & Garden",1428.30,638.46
T005101,"Lawn & Garden",1424.75,638.46
T006362,Electrical,1423.86,661.01
T005061,Electrical,1423.08,661.01
T000192,Electrical,1423.05,661.01
T003901,"Building Materials",1419.45,651.30
T001183,"Building Materials",1417.85,651.30
T000449,"Lawn & Garden",1416.05,638.46
T003225,Paint,1415.65,622.84
T007235,Electrical,1414.86,661.01
T001165,Paint,1414.30,622.84
T004062,Electrical,1414.26,661.01
T003863,Electrical,1413.95,661.01
T004557,Electrical,1413.78,661.01
T006970,Paint,1413.75,622.84
T007069,Electrical,1411.90,661.01
T003138,Hardware,1411.12,646.60
T006586,Hardware,1410.48,646.60
T006206,Paint,1409.58,622.84
T000377,Appliances,1409.40,640.60
T007242,Electrical,1408.89,661.01
T004057,Plumbing,1406.79,639.43
T005064,Paint,1405.53,622.84
T006584,Appliances,1404.54,640.60
T001388,Appliances,1403.76,640.60
T006655,"Building Materials",1402.62,651.30
T001872,"Building Materials",1402.44,651.30
T005218,"Lawn & Garden",1402.16,638.46
T005448,Hardware,1400.91,646.60
T004740,Paint,1400.77,622.84
T004773,"Lawn & Garden",1399.86,638.46
T006853,Paint,1399.80,622.84
T001960,Appliances,1398.88,640.60
T003946,Paint,1398.48,622.84
T004290,"Building Materials",1398.39,651.30
T001750,Paint,1397.56,622.84
T006106,"Lawn & Garden",1397.40,638.46
T004961,Hardware,1396.72,646.60
T001074,Appliances,1396.60,640.60
T000969,Appliances,1396.08,640.60
T006099,Paint,1396.00,622.84
T004283,Plumbing,1395.00,639.43
T005253,Paint,1394.80,622.84
T001958,"Building Materials",1394.16,651.30
T004712,Hardware,1393.26,646.60
T003431,Appliances,1392.00,640.60
T005212,"Lawn & Garden",1391.85,638.46
T004101,Paint,1391.64,622.84
T005443,Paint,1390.90,622.84
T002582,Hardware,1390.83,646.60
T001873,"Building Materials",1390.76,651.30
T000410,Hardware,1390.12,646.60
T005557,Electrical,1388.96,661.01
T003408,Paint,1388.84,622.84
T002909,Electrical,1388.59,661.01
T005406,Hardware,1388.10,646.60
T002635,Plumbing,1385.70,639.43
T002046,Paint,1385.16,622.84
T001107,Appliances,1385.08,640.60
T004069,Appliances,1384.95,640.60
T001303,Electrical,1383.32,661.01
T007417,Appliances,1382.95,640.60
T000516,Paint,1382.48,622.84
T006701,Electrical,1381.20,661.01
T003114,Electrical,1379.36,661.01
T004619,Appliances,1379.28,640.60
T004904,Electrical,1378.40,661.01
T007393,"Building Materials",1377.12,651.30
T004377,Electrical,1377.08,661.01
T005968,Paint,1377.00,622.84
T002718,Electrical,1376.40,661.01
T004276,"Lawn & Garden",1376.20,638.46
T002447,"Lawn & Garden",1375.92,638.46
T006699,Plumbing,1374.16,639.43
T003707,"Lawn & Garden",1374.12,638.46
T003684,Hardware,1373.45,646.60
T006930,Plumbing,1373.28,639.43
T001221,Plumbing,1372.00,639.43
T003129,"Building Materials",1371.60,651.30
T001680,"Lawn & Garden",1371.12,638.46
T006115,Appliances,1370.84,640.60
T006177,Appliances,1368.88,640.60
T005345,Paint,1368.78,622.84
T001167,Appliances,1368.00,640.60
T005787,"Lawn & Garden",1367.60,638.46
T006953,Electrical,1367.08,661.01
T000108,Paint,1367.04,622.84
T001967,Hardware,1366.40,646.60
T002243,Appliances,1366.15,640.60
T005092,"Lawn & Garden",1365.36,638.46
T000441,"Lawn & Garden",1364.80,638.46
T000286,"Lawn & Garden",1364.22,638.46
T006711,"Building Materials",1364.00,651.30
T003300,Appliances,1361.40,640.60
T004736,Appliances,1361.10,640.60
T002014,Paint,1359.84,622.84
T000614,Plumbing,1359.44,639.43
T002427,Paint,1359.06,622.84
T006552,Plumbing,1359.04,639.43
T000711,"Building Materials",1358.48,651.30
T007072,"Building Materials",1358.10,651.30
T004602,Electrical,1357.08,661.01
T000185,"Lawn & Garden",1356.39,638.46
T004105,Electrical,1353.55,661.01
T004447,Hardware,1353.54,646.60
T002636,Electrical,1352.45,661.01
T003373,"Building Materials",1352.12,651.30
T004282,Electrical,1352.00,661.01
T003664,"Building Materials",1351.92,651.30
T000520,"Lawn & Garden",1351.65,638.46
T006215,"Lawn & Garden",1350.40,638.46
T004859,"Lawn & Garden",1349.76,638.46
T000607,Electrical,1348.41,661.01
T005830,Electrical,1347.16,661.01
T006816,Hardware,1346.92,646.60
T004855,Hardware,1346.48,646.60
T006332,Electrical,1346.00,661.01
T002918,Paint,1345.65,622.84
T002615,Appliances,1345.52,640.60
T004883,Electrical,1345.19,661.01
T004159,"Lawn & Garden",1344.40,638.46
T003560,Appliances,1344.16,640.60
T004518,Plumbing,1342.56,639.43
T007061,Plumbing,1342.30,639.43
T004042,Hardware,1340.90,646.60
T004165,Plumbing,1340.82,639.43
T005857,Plumbing,1339.75,639.43
T002770,"Lawn & Garden",1337.30,638.46
T006743,"Lawn & Garden",1336.85,638.46
T001998,Plumbing,1336.20,639.43
T006691,"Building Materials",1335.54,651.30
T000627,Plumbing,1335.05,639.43
T002839,"Lawn & Garden",1333.48,638.46
T001976,Appliances,1333.36,640.60
T000246,"Lawn & Garden",1333.20,638.46
T006713,Plumbing,1333.00,639.43
T006480,"Lawn & Garden",1332.66,638.46
T002315,Paint,1332.64,622.84
T005744,"Building Materials",1332.38,651.30
T000102,Electrical,1330.76,661.01
T000319,Hardware,1330.32,646.60
T001939,Appliances,1330.21,640.60
T003870,Appliances,1330.05,640.60
T006423,Plumbing,1328.04,639.43
T002239,Paint,1327.52,622.84
T000050,Plumbing,1326.20,639.43
T007005,Appliances,1326.10,640.60
T004205,"Lawn & Garden",1326.00,638.46
T002379,Plumbing,1325.10,639.43
T003971,Hardware,1324.28,646.60
T006267,Hardware,1324.20,646.60
T000347,Hardware,1322.70,646.60
T004866,"Building Materials",1322.55,651.30
T005247,Hardware,1322.40,646.60
T004103,Hardware,1321.70,646.60
T002569,Plumbing,1321.45,639.43
T005680,Paint,1321.40,622.84
T005642,Appliances,1321.05,640.60
T006765,Appliances,1320.72,640.60
T003405,"Building Materials",1320.66,651.30
T004785,"Lawn & Garden",1319.72,638.46
T000041,Hardware,1319.30,646.60
T006818,Appliances,1318.76,640.60
T004362,Electrical,1318.73,661.01
T002209,Electrical,1317.42,661.01
T005531,Electrical,1316.98,661.01
T000389,Paint,1316.88,622.84
T000802,"Lawn & Garden",1316.44,638.46
T004271,Appliances,1316.30,640.60
T002699,Hardware,1315.76,646.60
T007144,Paint,1313.96,622.84
T002032,Paint,1313.76,622.84
T004513,"Lawn & Garden",1313.70,638.46
T000939,Hardware,1313.08,646.60
T005904,"Lawn & Garden",1312.29,638.46
T001866,Plumbing,1312.04,639.43
T006619,"Building Materials",1311.68,651.30
T004707,"Lawn & Garden",1311.64,638.46
T004157,"Lawn & Garden",1311.45,638.46
T005861,Hardware,1311.30,646.60
T001063,Paint,1310.30,622.84
T005313,Appliances,1308.96,640.60
T002720,Electrical,1307.16,661.01
T005156,Hardware,1306.92,646.60
T005529,Appliances,1305.88,640.60
T005528,"Lawn & Garden",1304.80,638.46
T001352,Electrical,1304.40,661.01
T002956,Plumbing,1302.39,639.43
T005178,Electrical,1301.90,661.01
T004821,Paint,1301.88,622.84
T006879,Paint,1301.75,622.84
T002740,"Building Materials",1301.64,651.30
T003010,"Building Materials",1301.44,651.30
T003439,Appliances,1301.32,640.60
T000522,Plumbing,1301.20,639.43
T005501,Electrical,1300.86,661.01
T002099,Plumbing,1300.45,639.43
T003947,Electrical,1299.52,661.01
T004809,Plumbing,1298.60,639.43
T004151,Electrical,1298.22,661.01
T003794,Appliances,1297.24,640.60
T002012,"Building Materials",1296.85,651.30
T004331,Paint,1296.80,622.84
T006541,Appliances,1296.60,640.60
T006503,Plumbing,1296.40,639.43
T000580,Electrical,1296.32,661.01
T006637,Electrical,1296.25,661.01
T000605,"Building Materials",1296.20,651.30
T003465,Hardware,1294.74,646.60
T005077,"Building Materials",1294.64,651.30
T002945,Hardware,1293.76,646.60
T000784,"Lawn & Garden",1293.48,638.46
T004068,Electrical,1293.24,661.01
T000929,"Building Materials",1291.99,651.30
T005580,Hardware,1291.70,646.60
T002327,"Building Materials",1291.60,651.30
T003387,Plumbing,1291.50,639.43
T002557,"Lawn & Garden",1291.15,638.46
T000225,Appliances,1289.40,640.60
T005963,Appliances,1288.70,640.60
T006354,Electrical,1288.70,661.01
T002456,"Lawn & Garden",1288.63,638.46
T003760,"Lawn & Garden",1288.17,638.46
T001120,Appliances,1287.55,640.60
T001276,"Building Materials",1287.24,651.30
T001456,Hardware,1286.85,646.60
T003351,Electrical,1286.30,661.01
T006641,Plumbing,1286.24,639.43
T001987,Paint,1284.72,622.84
T002271,Electrical,1284.48,661.01
T005587,Appliances,1283.92,640.60
T000399,Paint,1283.90,622.84
T000689,Plumbing,1283.31,639.43
T002190,Electrical,1282.15,661.01
T001812,"Building Materials",1281.90,651.30
T002205,"Building Materials",1281.20,651.30
T006467,"Building Materials",1280.88,651.30
T000091,"Building Materials",1280.76,651.30
T003446,Appliances,1280.28,640.60
T001083,Hardware,1280.12,646.60
T002461,Electrical,1280.10,661.01
T005396,"Building Materials",1279.88,651.30
T003361,Electrical,1279.72,661.01
T001283,Plumbing,1279.60,639.43
T004063,Electrical,1279.55,661.01
T006375,Hardware,1279.55,646.60
T004581,Hardware,1278.24,646.60
T000646,"Lawn & Garden",1277.40,638.46
T002641,"Building Materials",1276.88,651.30
T002403,Electrical,1276.40,661.01
T002954,Electrical,1274.48,661.01
T002348,"Lawn & Garden",1273.50,638.46
T007177,Hardware,1273.04,646.60
T006341,Hardware,1272.78,646.60
T004274,Electrical,1272.70,661.01
T004327,Electrical,1271.76,661.01
T002878,Electrical,1270.71,661.01
T000139,Electrical,1270.50,661.01
T000934,Paint,1270.08,622.84
T001140,"Building Materials",1269.66,651.30
T005350,"Lawn & Garden",1268.90,638.46
T006700,"Lawn & Garden",1268.08,638.46
T003100,Hardware,1267.92,646.60
T005973,Electrical,1267.48,661.01
T000316,Appliances,1267.12,640.60
T003999,Electrical,1266.80,661.01
T007154,Paint,1266.08,622.84
T004005,"Building Materials",1265.88,651.30
T006108,Plumbing,1264.56,639.43
T006925,Electrical,1263.72,661.01
T007176,Hardware,1263.60,646.60
T001727,"Lawn & Garden",1263.24,638.46
T004350,"Lawn & Garden",1263.16,638.46
T007268,"Lawn & Garden",1263.05,638.46
T004628,"Lawn & Garden",1262.80,638.46
T000970,"Lawn & Garden",1261.48,638.46
T005890,Appliances,1260.70,640.60
T001238,Appliances,1259.40,640.60
T001391,Paint,1258.60,622.84
T005424,"Building Materials",1258.04,651.30
T002059,Appliances,1257.60,640.60
T000886,electrical,1256.80,661.01
T006222,Paint,1256.08,622.84
T006262,Plumbing,1255.74,639.43
T000243,"Lawn & Garden",1254.12,638.46
T003878,Appliances,1252.51,640.60
T005935,Appliances,1251.92,640.60
T001923,Appliances,1250.41,640.60
T001082,"Lawn & Garden",1249.28,638.46
T007011,Electrical,1249.20,661.01
T001493,"Building Materials",1246.04,651.30
T003177,Hardware,1246.04,646.60
T007295,Appliances,1245.72,640.60
T005684,Electrical,1245.50,661.01
T000548,"Lawn & Garden",1245.35,638.46
T003295,Hardware,1245.32,646.60
T000304,"Building Materials",1245.05,651.30
T005523,"Lawn & Garden",1244.52,638.46
T005286,Hardware,1244.46,646.60
T007058,"Lawn & Garden",1244.16,638.46
T004458,Plumbing,1242.44,639.43
T006488,Hardware,1241.36,646.60
T000988,Electrical,1239.40,661.01
T004090,"Lawn & Garden",1238.90,638.46
T000829,paint,1236.87,622.84
T002784,Paint,1236.84,622.84
T001369,"Lawn & Garden",1236.72,638.46
T000497,Appliances,1236.04,640.60
T000823,Paint,1235.30,622.84
T002152,Electrical,1234.25,661.01
T002745,"Lawn & Garden",1234.20,638.46
T002044,Plumbing,1233.84,639.43
T005731,"Building Materials",1233.72,651.30
T000343,Plumbing,1230.54,639.43
T001494,Hardware,1230.05,646.60
T005655,Paint,1229.44,622.84
T004863,"Lawn & Garden",1229.40,638.46
T002298,Paint,1229.00,622.84
T003862,Appliances,1228.80,640.60
T006136,Hardware,1228.76,646.60
T002082,"Lawn & Garden",1228.70,638.46
T003777,Plumbing,1227.16,639.43
T007492,Paint,1225.80,622.84
T003050,"Building Materials",1225.70,651.30
T001029,Electrical,1225.52,661.01
T005002,"Lawn & Garden",1223.96,638.46
T000221,"Lawn & Garden",1223.52,638.46
T000398,Electrical,1221.78,661.01
T003785,Paint,1221.64,622.84
T004909,"Lawn & Garden",1220.04,638.46
T002439,Appliances,1218.60,640.60
T002154,Plumbing,1217.52,639.43
T007249,Plumbing,1217.22,639.43
T003909,Plumbing,1213.94,639.43
T000538,Hardware,1211.94,646.60
T006082,Appliances,1211.35,640.60
T005005,Plumbing,1211.30,639.43
T005158,"Building Materials",1210.93,651.30
T004277,Appliances,1210.48,640.60
T002989,"Lawn & Garden",1210.24,638.46
T006428,Electrical,1209.53,661.01
T000546,Paint,1208.68,622.84
T006143,"Building Materials",1208.65,651.30
T005666,"Building Materials",1208.62,651.30
T005466,Hardware,1207.88,646.60
T002948,Hardware,1206.38,646.60
T001566,Hardware,1206.30,646.60
T000325,Plumbing,1206.08,639.43
T004657,Paint,1205.50,622.84
T004801,Electrical,1205.40,661.01
T004324,Paint,1204.64,622.84
T000183,Paint,1204.10,622.84
T003988,Hardware,1202.75,646.60
T001614,Plumbing,1202.60,639.43
T006502,Plumbing,1201.45,639.43
T006825,"Lawn & Garden",1201.15,638.46
T000394,Plumbing,1197.88,639.43
T002119,Plumbing,1197.84,639.43
T006600,"Building Materials",1197.56,651.30
T000723,Appliances,1197.35,640.60
T003358,Appliances,1196.88,640.60
T003162,"Building Materials",1195.84,651.30
T007238,appliances,1194.97,640.60
T001830,"Lawn & Garden",1192.10,638.46
T004089,Electrical,1191.20,661.01
T001265,Hardware,1189.28,646.60
T007034,"Building Materials",1189.24,651.30
T001407,Plumbing,1189.20,639.43
T002979,"Lawn & Garden",1189.02,638.46
T003543,Plumbing,1188.92,639.43
T000292,Plumbing,1188.84,639.43
T006238,"Lawn & Garden",1188.72,638.46
T007469,"Building Materials",1188.20,651.30
T000948,Hardware,1188.08,646.60
T006439,Plumbing,1186.44,639.43
T001342,Hardware,1186.15,646.60
T004608,Hardware,1185.70,646.60
T000114,"Lawn & Garden",1185.70,638.46
T006680,"Lawn & Garden",1184.88,638.46
T001565,Plumbing,1184.70,639.43
T001895,"Building Materials",1184.48,651.30
T004041,Appliances,1184.16,640.60
T006766,"Building Materials",1183.15,651.30
T001469,Electrical,1183.12,661.01
T004860,Plumbing,1182.88,639.43
T005591,Electrical,1181.45,661.01
T003690,Plumbing,1181.20,639.43
T000573,"Building Materials",1181.10,651.30
T003667,Plumbing,1180.84,639.43
T007244,Hardware,1180.48,646.60
T006259,"Building Materials",1179.44,651.30
T001109,Electrical,1179.28,661.01
T007135,Plumbing,1179.00,639.43
T002908,Hardware,1178.52,646.60
T005821,Appliances,1177.85,640.60
T006194,Electrical,1176.40,661.01
T004071,"Building Materials",1174.36,651.30
T006121,Plumbing,1174.16,639.43
T006642,Paint,1173.54,622.84
T004391,Hardware,1173.05,646.60
T001428,"Lawn & Garden",1172.34,638.46
T007060,"Lawn & Garden",1172.24,638.46
T001729,electrical,1172.16,661.01
T002591,Paint,1171.62,622.84
T005567,"Building Materials",1171.55,651.30
T006546,Plumbing,1171.36,639.43
T000769,Electrical,1170.15,661.01
T004722,Paint,1170.12,622.84
T003518,"Building Materials",1169.65,651.30
T005093,Electrical,1169.28,661.01
T005756,"Lawn & Garden",1168.20,638.46
T002685,Appliances,1167.60,640.60
T006690,Paint,1167.36,622.84
T000492,Paint,1165.86,622.84
T007168,Hardware,1162.92,646.60
T000861,Hardware,1162.00,646.60
T003118,Appliances,1159.80,640.60
T000446,"Building Materials",1159.75,651.30
T004782,"Lawn & Garden",1159.68,638.46
T002769,Plumbing,1159.20,639.43
T004571,Paint,1159.14,622.84
T006611,Electrical,1159.08,661.01
T001896,Hardware,1157.36,646.60
T002074,"Lawn & Garden",1156.84,638.46
T005978,Paint,1155.56,622.84
T002765,Electrical,1155.15,661.01
T004899,Hardware,1154.67,646.60
T000131,Plumbing,1154.65,639.43
T000579,Appliances,1154.50,640.60
T007459,"Lawn & Garden",1153.88,638.46
T000630,Appliances,1153.20,640.60
T000465,Hardware,1152.96,646.60
T007453,Appliances,1152.15,640.60
T001347,"Building Materials",1150.84,651.30
T006805,Appliances,1150.10,640.60
T004770,Appliances,1149.33,640.60
T001502,Paint,1149.24,622.84
T007283,"Building Materials",1146.12,651.30
T006648,Electrical,1145.65,661.01
T004484,Electrical,1145.12,661.01
T007267,Electrical,1145.08,661.01
T004624,Appliances,1144.90,640.60
T002599,Hardware,1144.80,646.60
T006742,Paint,1144.72,622.84
T001329,"Lawn & Garden",1144.64,638.46
T002002,"Lawn & Garden",1144.25,638.46
T004910,Paint,1144.20,622.84
T001037,Paint,1143.68,622.84
T001411,Plumbing,1143.66,639.43
T002405,"Building Materials",1143.15,651.30
T006343,Hardware,1142.54,646.60
T002473,Plumbing,1142.00,639.43
T004047,"Building Materials",1141.72,651.30
T001945,Electrical,1141.28,661.01
T002811,"Building Materials",1141.27,651.30
T007207,"Lawn & Garden",1140.68,638.46
T002421,Electrical,1140.60,661.01
T005632,Electrical,1140.50,661.01
T001894,Appliances,1139.56,640.60
T002413,Paint,1138.30,622.84
T003635,Plumbing,1138.27,639.43
T003149,"Building Materials",1137.84,651.30
T005781,"Lawn & Garden",1136.65,638.46
T004901,"Lawn & Garden",1136.00,638.46
T001722,Paint,1135.85,622.84
T002661,Electrical,1134.85,661.01
T005649,Plumbing,1133.44,639.43
T007167,"Building Materials",1133.36,651.30
T003819,"Building Materials",1133.09,651.30
T004315,Hardware,1133.00,646.60
T000098,Plumbing,1132.20,639.43
T003175,Paint,1131.32,622.84
T005257,"Building Materials",1131.30,651.30
T005593,Electrical,1130.78,661.01
T006446,Paint,1127.95,622.84
T004499,Electrical,1127.64,661.01
T003228,Appliances,1126.96,640.60
T003717,Appliances,1126.88,640.60
T005085,"Building Materials",1124.80,651.30
T005675,"building materials",1124.55,651.30
T000239,Hardware,1123.00,646.60
T007404,Hardware,1122.60,646.60
T006128,Hardware,1121.76,646.60
T006981,Electrical,1120.56,661.01
T005828,Plumbing,1120.00,639.43
T005012,"Building Materials",1119.66,651.30
T004577,Electrical,1119.60,661.01
T004219,Electrical,1118.60,661.01
T000783,Paint,1117.98,622.84
T003990,Paint,1117.15,622.84
T003419,"Lawn & Garden",1113.84,638.46
T003790,paint,1113.66,622.84
T005118,Plumbing,1113.20,639.43
T001392,"Building Materials",1112.64,651.30
T001957,Electrical,1112.52,661.01
T002264,Plumbing,1112.50,639.43
T004051,Paint,1112.40,622.84
T003831,Electrical,1112.20,661.01
T004858,"Building Materials",1112.00,651.30
T000167,Paint,1111.23,622.84
T005648,Hardware,1110.28,646.60
T000350,Paint,1109.80,622.84
T005701,"Building Materials",1109.10,651.30
T004251,"Building Materials",1108.80,651.30
T003890,Hardware,1107.80,646.60
T006559,Plumbing,1107.68,639.43
T001465,Plumbing,1107.44,639.43
T002155,Hardware,1106.88,646.60
T000858,"Building Materials",1105.00,651.30
T007383,"Lawn & Garden",1104.88,638.46
T005741,"Lawn & Garden",1104.84,638.46
T006320,Electrical,1103.36,661.01
T007044,Electrical,1103.00,661.01
T004796,Appliances,1100.80,640.60
T004030,Appliances,1099.80,640.60
T002640,"Lawn & Garden",1099.56,638.46
T001705,Hardware,1099.40,646.60
T004342,"Lawn & Garden",1098.25,638.46
T007104,Hardware,1096.80,646.60
T001371,Electrical,1095.16,661.01
T005348,Paint,1094.44,622.84
T005194,"Building Materials",1094.16,651.30
T006329,Appliances,1094.15,640.60
T006599,"Building Materials",1093.40,651.30
T003037,Plumbing,1092.96,639.43
T006192,Appliances,1091.85,640.60
T006957,Hardware,1091.82,646.60
T005733,Electrical,1091.30,661.01
T002731,Appliances,1090.88,640.60
T001790,Paint,1090.76,622.84
T000483,"Lawn & Garden",1090.60,638.46
T005390,Plumbing,1089.92,639.43
T002116,Plumbing,1089.08,639.43
T003562,Paint,1088.88,622.84
T005238,Paint,1088.28,622.84
T005801,Hardware,1087.88,646.60
T007327,Plumbing,1087.32,639.43
T000888,Paint,1086.00,622.84
T002404,"Building Materials",1084.75,651.30
T003854,Hardware,1084.30,646.60
T006239,"Lawn & Garden",1083.40,638.46
T005007,"Building Materials",1083.11,651.30
T000638,Electrical,1082.64,661.01
T006777,Appliances,1082.00,640.60
T006244,"Lawn & Garden",1081.84,638.46
T004851,"Building Materials",1080.85,651.30
T000920,"Lawn & Garden",1080.78,638.46
T004939,Appliances,1080.76,640.60
T004949,Plumbing,1080.63,639.43
T004320,"Lawn & Garden",1080.32,638.46
T002882,Electrical,1079.64,661.01
T006392,"Building Materials",1078.56,651.30
T002840,"Lawn & Garden",1076.68,638.46
T004561,Hardware,1075.80,646.60
T003002,Paint,1075.62,622.84
T000947,Electrical,1075.48,661.01
T001057,"Building Materials",1075.24,651.30
T000443,Paint,1075.20,622.84
T003855,Plumbing,1074.84,639.43
T005072,Appliances,1074.20,640.60
T002172,Plumbing,1074.12,639.43
T000536,Plumbing,1073.60,639.43
T005024,Appliances,1073.10,640.60
T002743,Appliances,1072.32,640.60
T005433,Hardware,1072.32,646.60
T004826,"Building Materials",1070.84,651.30
T002628,Plumbing,1070.52,639.43
T007394,"Building Materials",1069.76,651.30
T000667,Electrical,1069.60,661.01
T004755,Electrical,1069.32,661.01
T001719,Hardware,1069.02,646.60
T000153,Hardware,1068.90,646.60
T004892,Electrical,1068.80,661.01
T001066,Hardware,1068.48,646.60
T000427,Hardware,1068.24,646.60
T003639,Hardware,1068.16,646.60
T000197,"Lawn & Garden",1068.04,638.46
T002085,Plumbing,1067.95,639.43
T002171,Appliances,1066.20,640.60
T006478,"Lawn & Garden",1065.12,638.46
T006217,Electrical,1064.95,661.01
T002053,Plumbing,1064.44,639.43
T007400,Appliances,1064.08,640.60
T006540,"Building Materials",1063.92,651.30
T002468,Plumbing,1063.38,639.43
T002445,"Building Materials",1063.05,651.30
T003475,Plumbing,1061.58,639.43
T002075,Hardware,1060.99,646.60
T001941,Electrical,1059.48,661.01
T006300,Electrical,1059.16,661.01
T001799,Plumbing,1059.05,639.43
T006091,Appliances,1058.96,640.60
T000524,Hardware,1057.80,646.60
T000871,Paint,1057.56,622.84
T001158,Electrical,1057.14,661.01
T002323,Electrical,1056.76,661.01
T004334,Appliances,1056.55,640.60
T003744,Plumbing,1055.84,639.43
T004822,"Lawn & Garden",1055.76,638.46
T003478,Electrical,1055.15,661.01
T007430,Plumbing,1054.80,639.43
T007085,Hardware,1053.78,646.60
T006218,"Lawn & Garden",1053.57,638.46
T004267,Hardware,1052.92,646.60
T000448,"Lawn & Garden",1050.30,638.46
T002726,Electrical,1049.65,661.01
T005776,"Lawn & Garden",1048.86,638.46
T005050,Electrical,1048.39,661.01
T000065,Electrical,1048.28,661.01
T006419,Hardware,1048.24,646.60
T004691,Plumbing,1047.76,639.43
T005618,"Building Materials",1047.72,651.30
T005383,"Building Materials",1047.12,651.30
T003607,Plumbing,1047.10,639.43
T006043,Electrical,1046.91,661.01
T006188,Electrical,1046.49,661.01
T002920,Plumbing,1046.44,639.43
T004666,Hardware,1046.28,646.60
T003386,"Building Materials",1045.86,651.30
T003823,Hardware,1045.56,646.60
T007441,"Building Materials",1044.81,651.30
T001065,"Lawn & Garden",1043.97,638.46
T002448,Appliances,1043.76,640.60
T004425,Appliances,1043.67,640.60
T000606,Appliances,1043.61,640.60
T006570,Electrical,1043.60,661.01
T005661,"Lawn & Garden",1043.60,638.46
T001192,"Lawn & Garden",1042.96,638.46
T006088,Electrical,1041.93,661.01
T002241,Paint,1041.92,622.84
T004893,Paint,1041.72,622.84
T000850,Hardware,1040.94,646.60
T001019,Plumbing,1040.64,639.43
T006750,Hardware,1040.46,646.60
T007032,Electrical,1039.40,661.01
T001011,Electrical,1038.87,661.01
T003053,"Building Materials",1037.90,651.30
T003624,"Lawn & Garden",1037.22,638.46
T001320,Plumbing,1036.89,639.43
T006939,Appliances,1036.80,640.60
T003657,Electrical,1036.41,661.01
T005314,"Lawn & Garden",1035.84,638.46
T003299,Appliances,1035.81,640.60
T004263,"Building Materials",1035.72,651.30
T003223,Electrical,1035.68,661.01
T001292,Hardware,1035.36,646.60
T002812,"Building Materials",1035.27,651.30
T001087,"Building Materials",1035.20,651.30
T006420,"Building Materials",1035.15,651.30
T007424,"Lawn & Garden",1034.95,638.46
T006360,Appliances,1034.52,640.60
T004700,Hardware,1034.39,646.60
T002683,Hardware,1033.80,646.60
T006070,"Building Materials",1033.32,651.30
T005562,"Building Materials",1033.02,651.30
T004575,Electrical,1032.51,661.01
T006720,Electrical,1031.19,661.01
T001772,"Lawn & Garden",1031.08,638.46
T002349,"Lawn & Garden",1030.68,638.46
T002274,Appliances,1030.41,640.60
T005300,"Building Materials",1030.32,651.30
T000863,Appliances,1028.94,640.60
T000518,Paint,1028.73,622.84
T002518,Hardware,1027.24,646.60
T005042,"Building Materials",1026.96,651.30
T004496,Plumbing,1026.96,639.43
T000613,Electrical,1026.93,661.01
T003987,Electrical,1026.69,661.01
T003499,Electrical,1026.08,661.01
T006860,"Lawn & Garden",1025.91,638.46
T001225,Appliances,1024.44,640.60
T000717,Plumbing,1024.38,639.43
T004129,Hardware,1023.96,646.60
T006046,"Building Materials",1023.68,651.30
T006389,Hardware,1023.57,646.60
T000236,Hardware,1023.57,646.60
T004413,"Building Materials",1023.00,651.30
T005923,Appliances,1022.72,640.60
T006289,"Building Materials",1022.00,651.30
T007208,Plumbing,1021.56,639.43
T003310,Electrical,1021.36,661.01
T000553,"Lawn & Garden",1021.20,638.46
T005298,Appliances,1020.48,640.60
T007271,"Building Materials",1020.18,651.30
T001169,"Lawn & Garden",1019.68,638.46
T006000,"Building Materials",1019.49,651.30
T004817,Hardware,1019.31,646.60
T003158,"Building Materials",1019.16,651.30
T002023,"Building Materials",1019.10,651.30
T003128,Plumbing,1018.92,639.43
T002567,Paint,1018.86,622.84
T001080,Electrical,1018.56,661.01
T006979,"Lawn & Garden",1018.48,638.46
T000693,Hardware,1017.40,646.60
T006667,"Building Materials",1017.05,651.30
T002939,Plumbing,1016.97,639.43
T002194,Hardware,1016.68,646.60
T000747,"Building Materials",1016.46,651.30
T001463,"Building Materials",1016.30,651.30
T003170,Paint,1015.14,622.84
T000989,"Building Materials",1015.12,651.30
T006057,Appliances,1014.84,640.60
T003204,"Lawn & Garden",1014.63,638.46
T003776,Hardware,1014.15,646.60
T000917,Appliances,1014.00,640.60
T006688,Electrical,1013.84,661.01
T007372,Plumbing,1013.76,639.43
T000700,"Building Materials",1013.75,651.30
T003559,Hardware,1013.28,646.60
T004693,Plumbing,1012.32,639.43
T006064,Appliances,1011.75,640.60
T002384,"Building Materials",1011.39,651.30
T002925,Paint,1011.18,622.84
T006195,"Building Materials",1010.64,651.30
T003935,Plumbing,1010.52,639.43
T002156,"Lawn & Garden",1009.50,638.46
T005333,Electrical,1008.96,661.01
T001405,Appliances,1007.48,640.60
T005410,Plumbing,1007.16,639.43
T003161,Electrical,1006.86,661.01
T006575,Paint,1006.80,622.84
T001026,Paint,1006.65,622.84
T002880,Hardware,1006.20,646.60
T000213,Electrical,1005.90,661.01
T007122,Hardware,1005.83,646.60
T001739,Electrical,1005.42,661.01
T006476,"Lawn & Garden",1005.30,638.46
T007475,Hardware,1005.06,646.60
T007378,Paint,1004.52,622.84
T007307,Appliances,1004.50,640.60
T003329,Plumbing,1004.32,639.43
T004646,"Lawn & Garden",1004.25,638.46
T004304,Plumbing,1003.68,639.43
T005205,Plumbing,1003.20,639.43
T001419,Hardware,1002.60,646.60
T003163,Plumbing,1001.52,639.43
T005168,Paint,1001.46,622.84
T007049,Appliances,1001.40,640.60
T004135,"Lawn & Garden",1000.60,638.46
T000713,Hardware,1000.59,646.60
T001585,"Building Materials",1000.38,651.30
T003443,"Building Materials",1000.28,651.30
T001131,"Lawn & Garden",1000.23,638.46
T006477,"Building Materials",999.72,651.30
T001444,Plumbing,999.12,639.43
T005317,"Building Materials",999.04,651.30
T005090,"Building Materials",998.70,651.30
T001110,Plumbing,998.45,639.43
T006940,Appliances,998.24,640.60
T002616,"Building Materials",998.22,651.30
T001314,Hardware,998.20,646.60
T000419,Hardware,997.92,646.60
T001726,Hardware,997.88,646.60
T002634,Paint,997.48,622.84
T006943,Appliances,997.32,640.60
T004543,Plumbing,997.12,639.43
T005449,Electrical,996.66,661.01
T006894,"Lawn & Garden",996.54,638.46
T005730,Appliances,995.61,640.60
T004128,Appliances,994.98,640.60
T000089,Plumbing,994.92,639.43
T002435,"Building Materials",994.28,651.30
T000596,Appliances,993.90,640.60
T000072,Paint,993.68,622.84
T005062,Hardware,992.85,646.60
T003605,Hardware,992.82,646.60
T001931,"Lawn & Garden",992.80,638.46
T002744,"Building Materials",992.76,651.30
T006548,Electrical,992.70,661.01
T001255,"Lawn & Garden",992.40,638.46
T002361,Electrical,991.74,661.01
T006888,Electrical,991.26,661.01
T003259,"Lawn & Garden",990.50,638.46
T001326,Paint,990.32,622.84
T000209,Appliances,990.06,640.60
T007226,Paint,989.96,622.84
T001748,Plumbing,989.88,639.43
T001154,"Building Materials",989.80,651.30
T001577,Paint,989.64,622.84
T002886,Hardware,987.90,646.60
T005360,Paint,987.40,622.84
T002409,"Lawn & Garden",986.91,638.46
T004850,"Building Materials",986.84,651.30
T002319,Hardware,986.84,646.60
T001179,Plumbing,986.72,639.43
T003097,Appliances,986.55,640.60
T002944,"Building Materials",986.52,651.30
T003843,Hardware,986.50,646.60
T003188,"Building Materials",985.23,651.30
T000445,Appliances,985.14,640.60
T007186,plumbing,985.11,639.43
T006535,Plumbing,984.18,639.43
T005152,Plumbing,983.94,639.43
T006589,"Building Materials",983.22,651.30
T000165,"Building Materials",983.04,651.30
T007097,"Lawn & Garden",982.56,638.46
T003089,"Lawn & Garden",982.24,638.46
T005476,"Lawn & Garden",981.40,638.46
T001189,Electrical,981.09,661.01
T001538,Hardware,981.00,646.60
T002809,Appliances,979.80,640.60
T005336,Electrical,979.64,661.01
T002619,Plumbing,979.48,639.43
T003576,Electrical,979.32,661.01
T005976,Hardware,979.32,646.60
T003847,"Lawn & Garden",979.11,638.46
T003344,Electrical,978.15,661.01
T004378,appliances,978.11,640.60
T006152,Electrical,977.44,661.01
T007403,Hardware,977.40,646.60
T007248,Appliances,976.62,640.60
T006049,"Lawn & Garden",975.38,638.46
T002887,"Lawn & Garden",975.27,638.46
T004402,Electrical,974.68,661.01
T004676,Hardware,974.52,646.60
T007021,Electrical,974.10,661.01
T002234,"Lawn & Garden",973.70,638.46
T005044,Appliances,972.90,640.60
T006864,Paint,972.73,622.84
T005372,Electrical,971.85,661.01
T001134,Hardware,971.52,646.60
T000240,"Lawn & Garden",971.52,638.46
T005961,Appliances,971.49,640.60
T003867,"Lawn & Garden",971.22,638.46
T002175,Electrical,971.01,661.01
T000583,"Building Materials",970.65,651.30
T002034,Appliances,970.62,640.60
T001100,Electrical,969.93,661.01
T000704,Paint,969.69,622.84
T003008,Electrical,969.55,661.01
T005125,Appliances,969.48,640.60
T003106,Appliances,969.30,640.60
T002033,Plumbing,969.21,639.43
T005746,"Building Materials",969.12,651.30
T006366,"Lawn & Garden",968.96,638.46
T005176,Plumbing,968.67,639.43
T006074,Paint,967.60,622.84
T005250,Hardware,967.04,646.60
T004662,"Lawn & Garden",967.00,638.46
T006849,Electrical,966.09,661.01
T002041,Hardware,965.84,646.60
T005615,"Building Materials",965.70,651.30
T003587,Paint,965.52,622.84
T002092,Hardware,965.19,646.60
T002930,"Lawn & Garden",964.92,638.46
T000910,Appliances,964.05,640.60
T005698,Hardware,963.90,646.60
T003051,Electrical,963.52,661.01
T005579,Electrical,963.15,661.01
T005674,Paint,963.03,622.84
T001760,Electrical,962.52,661.01
T007460,"Lawn & Garden",962.52,638.46
T003198,Hardware,961.60,646.60
T000156,Plumbing,961.44,639.43
T003205,Electrical,961.16,661.01
T004969,"Lawn & Garden",960.72,638.46
T003311,Electrical,960.68,661.01
T004288,"Building Materials",960.66,651.30
T002440,Hardware,960.56,646.60
T006560,Hardware,959.92,646.60
T000762,"Lawn & Garden",959.92,638.46
T000798,Plumbing,958.68,639.43
T006506,"Lawn & Garden",957.96,638.46
T005817,Hardware,957.60,646.60
T006264,"Building Materials",957.45,651.30
T006744,"Lawn & Garden",957.03,638.46
T004847,Electrical,956.28,661.01
T005430,Electrical,956.19,661.01
T006626,Hardware,955.95,646.60
T005866,Paint,955.95,622.84
T007488,"Lawn & Garden",955.44,638.46
T003496,Paint,955.38,622.84
T004973,Hardware,955.36,646.60
T004437,Plumbing,955.02,639.43
T007229,"Lawn & Garden",954.80,638.46
T003919,Electrical,954.56,661.01
T002363,Paint,954.20,622.84
T002845,"Building Materials",953.70,651.30
T006512,Paint,952.36,622.84
T005371,"Lawn & Garden",952.26,638.46
T005854,"Building Materials",952.25,651.30
T001032,Appliances,951.84,640.60
T002607,Hardware,951.15,646.60
T002760,Paint,950.91,622.84
T002602,"Building Materials",950.55,651.30
T006080,"Lawn & Garden",950.28,638.46
T007050,"Building Materials",950.25,651.30
T006301,"Building Materials",950.22,651.30
T005017,Hardware,949.72,646.60
T001279,Appliances,949.68,640.60
T005553,Electrical,949.53,661.01
T003629,Plumbing,949.45,639.43
T003550,Paint,949.38,622.84
T007218,"Building Materials",949.35,651.30
T007289,"Building Materials",948.63,651.30
T005302,"Lawn & Garden",947.67,638.46
T000353,Appliances,947.24,640.60
T003267,Paint,946.95,622.84
T003086,"Lawn & Garden",946.59,638.46
T007323,Paint,946.44,622.84
T005057,Hardware,946.02,646.60
T001662,Appliances,945.80,640.60
T002965,"Lawn & Garden",945.33,638.46
T002822,Appliances,944.20,640.60
T000125,Electrical,944.16,661.01
T002649,Electrical,943.52,661.01
T005202,Electrical,943.45,661.01
T003964,Hardware,943.20,646.60
T003997,Appliances,943.11,640.60
T002781,Paint,942.84,622.84
T002161,"Building Materials",942.70,651.30
T006916,"Lawn & Garden",942.69,638.46
T003541,Hardware,941.76,646.60
T000280,Electrical,941.52,661.01
T000241,"Building Materials",941.32,651.30
T003654,"Lawn & Garden",941.25,638.46
T002056,Hardware,940.74,646.60
T007158,Electrical,940.59,661.01
T007399,Electrical,940.40,661.01
T006922,Electrical,940.16,661.01
T000043,Electrical,940.16,661.01
T001022,"Building Materials",939.69,651.30
T006554,Electrical,938.16,661.01
T002465,Appliances,937.04,640.60
T000961,Hardware,936.84,646.60
T002836,Hardware,935.88,646.60
T006460,Electrical,935.34,661.01
T003200,"Lawn & Garden",934.80,638.46
T000692,Electrical,934.50,661.01
T001479,Hardware,934.24,646.60
T005484,Electrical,933.60,661.01
T005432,Appliances,933.16,640.60
T001735,"Building Materials",932.94,651.30
T006161,Electrical,932.75,661.01
T000174,Appliances,932.28,640.60
T004224,Appliances,931.92,640.60
T004787,Electrical,931.77,661.01
T000109,Plumbing,931.70,639.43
T004269,Hardware,931.65,646.60
T006311,Hardware,930.48,646.60
T005612,Electrical,930.36,661.01
T006880,Plumbing,930.20,639.43
T000215,Electrical,929.76,661.01
T000496,Plumbing,929.72,639.43
T002422,"Building Materials",929.60,651.30
T005270,Appliances,929.24,640.60
T002101,Plumbing,927.72,639.43
T000909,"Building Materials",927.54,651.30
T006839,"Building Materials",927.52,651.30
T007065,Hardware,927.05,646.60
T005293,Plumbing,926.91,639.43
T007182,Appliances,926.88,640.60
T004609,Electrical,926.36,661.01
T004021,"Lawn & Garden",926.04,638.46
T005937,Electrical,925.62,661.01
T003288,Appliances,925.60,640.60
T001638,Appliances,925.47,640.60
T005805,Electrical,925.29,661.01
T006937,Appliances,925.17,640.60
T002006,"Building Materials",924.80,651.30
T005840,Hardware,924.00,646.60
T002806,"Lawn & Garden",923.61,638.46
T006481,Paint,923.52,622.84
T004568,"Lawn & Garden",923.13,638.46
T001211,Plumbing,922.71,639.43
T000271,Appliances,922.59,640.60
T001806,Hardware,922.08,646.60
T004531,Appliances,922.04,640.60
T005713,"Lawn & Garden",921.78,638.46
T003552,Appliances,921.36,640.60
T003591,"Building Materials",920.78,651.30
T001306,"Building Materials",920.40,651.30
T000590,Hardware,919.29,646.60
T000088,Paint,919.05,622.84
T007467,"Building Materials",918.80,651.30
T007486,"Building Materials",917.84,651.30
T005230,Hardware,917.48,646.60
T005349,"Building Materials",917.13,651.30
T002495,Paint,916.96,622.84
T004183,Electrical,916.35,661.01
T007001,"building materials",916.20,651.30
T005590,Electrical,914.88,661.01
T005734,Plumbing,914.88,639.43
T000375,"Lawn & Garden",914.69,638.46
T001297,Hardware,914.61,646.60
T005893,"Lawn & Garden",914.49,638.46
T007031,Plumbing,914.32,639.43
T002019,"Lawn & Garden",913.20,638.46
T004278,"Lawn & Garden",913.11,638.46
T002603,Plumbing,912.66,639.43
T002898,Hardware,912.42,646.60
T006162,Paint,911.54,622.84
T002335,Appliances,911.46,640.60
T004868,Appliances,910.48,640.60
T005455,Paint,910.25,622.84
T001936,"Lawn & Garden",909.93,638.46
T006027,"Building Materials",909.84,651.30
T006400,"Lawn & Garden",909.15,638.46
T002606,Electrical,909.09,661.01
T007201,"Lawn & Garden",908.94,638.46
T005452,"Building Materials",908.40,651.30
T002962,"Building Materials",907.90,651.30
T004354,Plumbing,907.64,639.43
T000164,Plumbing,907.24,639.43
T006275,Hardware,906.70,646.60
T001944,"Lawn & Garden",906.56,638.46
T000412,"Building Materials",905.94,651.30
T004720,"Building Materials",905.92,651.30
T001818,Electrical,905.88,661.01
T005829,Appliances,905.44,640.60
T002352,Appliances,905.37,640.60
T004946,Electrical,905.36,661.01
T003462,"Building Materials",904.72,651.30
T002505,Hardware,903.55,646.60
T004400,"Building Materials",903.48,651.30
T004188,"Building Materials",903.33,651.30
T000095,Electrical,902.88,661.01
T007239,Hardware,902.55,646.60
T004884,Paint,901.89,622.84
T006454,Hardware,901.50,646.60
T006522,Hardware,901.08,646.60
T005572,"Building Materials",900.95,651.30
T001942,Hardware,900.84,646.60
T006562,Paint,899.80,622.84
T004141,Plumbing,898.17,639.43
T005234,Plumbing,897.75,639.43
T003000,Appliances,897.66,640.60
T006229,Paint,897.56,622.84
T000024,"Lawn & Garden",897.48,638.46
T005981,Appliances,896.37,640.60
T000262,Paint,896.22,622.84
T001826,Hardware,895.86,646.60
T005931,Hardware,895.59,646.60
T003881,"Building Materials",895.29,651.30
T001422,"Lawn & Garden",894.76,638.46
T006883,Paint,894.56,622.84
T004967,Hardware,894.54,646.60
T002895,"Building Materials",894.39,651.30
T003280,Electrical,894.10,661.01
T002211,paint,893.61,622.84
T001840,"Building Materials",893.34,651.30
T006345,"Lawn & Garden",893.34,638.46
T006256,Appliances,893.25,640.60
T005616,Appliances,893.20,640.60
T006221,Hardware,893.04,646.60
T006044,Appliances,891.75,640.60
T007209,Appliances,891.55,640.60
T001832,Hardware,891.30,646.60
T004856,Electrical,891.12,661.01
T004420,Appliances,891.00,640.60
T005888,Electrical,890.50,661.01
T002210,Hardware,890.00,646.60
T001633,Paint,889.10,622.84
T005060,"Lawn & Garden",888.27,638.46
T006442,"Building Materials",887.55,651.30
T006645,"Building Materials",887.52,651.30
T001656,Hardware,886.89,646.60
T005707,"Lawn & Garden",886.80,638.46
T001973,Plumbing,886.02,639.43
T006581,"Building Materials",885.63,651.30
T003699,Appliances,885.33,640.60
T005321,"Lawn & Garden",885.15,638.46
T000055,"Building Materials",885.06,651.30
T002305,Plumbing,884.76,639.43
T002286,Plumbing,883.56,639.43
T002064,Hardware,883.05,646.60
T006996,"Lawn & Garden",882.87,638.46
T003432,Paint,882.45,622.84
T003430,"Lawn & Garden",882.27,638.46
T001264,"Building Materials",881.36,651.30
T001841,Electrical,881.20,661.01
T000145,Electrical,880.68,661.01
T002554,Electrical,880.47,661.01
T002651,Hardware,880.04,646.60
T001983,Appliances,879.93,640.60
T002807,Paint,879.66,622.84
T005970,Paint,879.57,622.84
T006449,Appliances,879.42,640.60
T006199,Plumbing,878.58,639.43
T006902,"Building Materials",878.43,651.30
T002829,"Building Materials",877.86,651.30
T007426,"Lawn & Garden",877.56,638.46
T002855,"Lawn & Garden",875.73,638.46
T001478,Paint,875.55,622.84
T003545,"Lawn & Garden",875.44,638.46
T001816,Plumbing,875.34,639.43
T002097,"Lawn & Garden",875.10,638.46
T000954,Hardware,875.04,646.60
T003500,Plumbing,875.01,639.43
T003468,Paint,874.20,622.84
T002365,"Building Materials",873.90,651.30
T001637,Electrical,873.30,661.01
T005578,Plumbing,872.65,639.43
T004244,Paint,872.58,622.84
T000406,Electrical,872.55,661.01
T000503,Hardware,872.52,646.60
T003246,Appliances,872.41,640.60
T001701,Hardware,872.19,646.60
T006385,electrical,871.44,661.01
T001959,Electrical,871.04,661.01
T005080,Appliances,870.72,640.60
T001195,Paint,869.73,622.84
T004687,Electrical,868.95,661.01
T006961,"Lawn & Garden",868.59,638.46
T000358,Hardware,868.32,646.60
T004714,"Lawn & Garden",868.32,638.46
T003179,Appliances,867.90,640.60
T006625,Hardware,867.84,646.60
T000527,Plumbing,867.51,639.43
T007418,"Building Materials",866.52,651.30
T000709,Appliances,866.00,640.60
T001858,"Building Materials",865.80,651.30
T002314,Plumbing,865.68,639.43
T004491,Hardware,864.48,646.60
T007447,Electrical,864.16,661.01
T002183,Electrical,863.84,661.01
T001191,Electrical,863.82,661.01
T003377,Hardware,863.40,646.60
T002758,"Building Materials",863.07,651.30
T007140,"Building Materials",862.73,651.30
T000533,Electrical,862.71,661.01
T003736,Electrical,862.38,661.01
T001548,"Building Materials",862.00,651.30
T005076,Plumbing,861.98,639.43
T004218,Hardware,861.84,646.60
T001403,Plumbing,861.76,639.43
T002513,Electrical,860.32,661.01
T003908,Plumbing,857.05,639.43
T004530,"Lawn & Garden",856.76,638.46
T002040,Appliances,856.16,640.60
T002457,"Lawn & Garden",855.84,638.46
T007380,Plumbing,855.81,639.43
T004680,Plumbing,855.68,639.43
T005573,Plumbing,855.54,639.43
T005490,"Lawn & Garden",855.45,638.46
T000830,"Building Materials",855.40,651.30
T000900,Electrical,855.14,661.01
T001704,Electrical,855.00,661.01
T006304,Appliances,854.84,640.60
T003708,Plumbing,854.16,639.43
T002548,Appliances,854.08,640.60
T005889,Electrical,853.71,661.01
T003081,Paint,853.04,622.84
T002605,"Lawn & Garden",852.88,638.46
T005735,Electrical,852.42,661.01
T004228,"Lawn & Garden",852.08,638.46
T007111,Paint,852.00,622.84
T003003,Appliances,851.94,640.60
T000123,Plumbing,851.16,639.43
T001525,"Building Materials",850.89,651.30
T001246,Electrical,850.86,661.01
T003448,Paint,850.12,622.84
T002224,Paint,849.25,622.84
T000660,"Lawn & Garden",848.16,638.46
T005283,Appliances,847.70,640.60
T006509,"Building Materials",847.08,651.30
T003805,Appliances,846.50,640.60
T004566,Appliances,846.45,640.60
T001027,"Lawn & Garden",846.45,638.46
T001464,Plumbing,845.48,639.43
T004671,"Building Materials",845.28,651.30
T002503,Appliances,845.20,640.60
T002188,Electrical,845.16,661.01
T006402,Plumbing,844.72,639.43
T002991,Plumbing,843.87,639.43
T001058,Appliances,842.97,640.60
T004786,"Lawn & Garden",842.97,638.46
T003779,Electrical,842.84,661.01
T006109,Plumbing,842.65,639.43
T006596,Appliances,842.37,640.60
T006846,Electrical,842.04,661.01
T004442,Appliances,841.68,640.60
T000633,Appliances,841.54,640.60
T000175,Electrical,840.78,661.01
T004943,Appliances,840.12,640.60
T004199,Appliances,840.09,640.60
T001901,Hardware,839.34,646.60
T007360,"Lawn & Garden",839.04,638.46
T007043,Plumbing,838.98,639.43
T001268,Hardware,838.71,646.60
T004527,Paint,838.29,622.84
T001182,Appliances,838.28,640.60
T004696,Paint,838.26,622.84
T005488,Paint,837.90,622.84
T005848,Paint,837.72,622.84
T002095,"Building Materials",837.64,651.30
T000478,Paint,837.51,622.84
T002242,Plumbing,837.40,639.43
T001911,Electrical,836.94,661.01
T006946,Electrical,836.70,661.01
T000421,Appliances,836.64,640.60
T002639,Electrical,836.46,661.01
T007433,"Lawn & Garden",836.04,638.46
T002618,Appliances,835.86,640.60
T006390,Paint,835.38,622.84
T001868,Plumbing,834.88,639.43
T006288,Appliances,834.84,640.60
T000187,"Lawn & Garden",834.80,638.46
T003194,Electrical,834.72,661.01
T002112,Paint,834.57,622.84
T004289,Paint,834.48,622.84
T003073,Electrical,833.16,661.01
T004678,Plumbing,832.68,639.43
T002333,Electrical,832.40,661.01
T007273,"Lawn & Garden",832.14,638.46
T007304,Appliances,832.05,640.60
T002295,Appliances,831.68,640.60
T000479,Plumbing,830.94,639.43
T000482,Hardware,830.82,646.60
T001734,Appliances,830.76,640.60
T004013,Paint,830.64,622.84
T000738,"Lawn & Garden",829.62,638.46
T003795,Electrical,829.57,661.01
T000721,Electrical,829.20,661.01
T006547,"Building Materials",827.75,651.30
T006019,Hardware,827.26,646.60
T004316,Plumbing,826.92,639.43
T000554,"Building Materials",826.86,651.30
T006840,Hardware,826.80,646.60
T002990,Appliances,825.44,640.60
T006972,Electrical,825.30,661.01
T006303,Appliances,825.16,640.60
T000333,Hardware,824.90,646.60
T005892,Paint,824.08,622.84
T004038,Paint,823.62,622.84
T007255,Paint,823.35,622.84
T005986,"Building Materials",822.99,651.30
T000385,Paint,822.85,622.84
T000550,Electrical,822.78,661.01
T000094,"Lawn & Garden",822.54,638.46
T005511,"Lawn & Garden",822.28,638.46
T004295,Plumbing,821.94,639.43
T003631,Electrical,821.52,661.01
T005885,Hardware,821.22,646.60
T000119,Paint,821.04,622.84
T006352,Electrical,820.74,661.01
T001572,Plumbing,819.78,639.43
T005034,Plumbing,818.84,639.43
T002632,Paint,817.96,622.84
T001449,Paint,817.95,622.84
T001034,Appliances,817.74,640.60
T007455,Electrical,817.72,661.01
T006092,Appliances,815.85,640.60
T006140,"Lawn & Garden",815.71,638.46
T002474,Paint,815.52,622.84
T004306,Plumbing,815.37,639.43
T002108,Appliances,815.12,640.60
T007499,Electrical,813.99,661.01
T001149,Plumbing,813.00,639.43
T000202,Hardware,812.97,646.60
T003581,"Lawn & Garden",812.68,638.46
T004487,Paint,812.35,622.84
T002677,Plumbing,812.05,639.43
T000640,Paint,811.53,622.84
T002392,Electrical,811.48,661.01
T003897,Appliances,811.40,640.60
T007084,"Building Materials",811.37,651.30
T003704,Hardware,811.04,646.60
T003879,Appliances,809.79,640.60
T000415,Electrical,809.76,661.01
T003393,"Lawn & Garden",809.34,638.46
T001395,Hardware,809.28,646.60
T006530,Plumbing,808.92,639.43
T004002,Paint,808.80,622.84
T007117,"Lawn & Garden",808.76,638.46
T005764,Appliances,808.74,640.60
T005682,"Lawn & Garden",808.62,638.46
T005516,paint,808.48,622.84
T001231,Hardware,808.47,646.60
T000069,Appliances,808.32,640.60
T006216,Electrical,808.08,661.01
T004214,Appliances,807.18,640.60
T006675,Plumbing,806.58,639.43
T003886,Plumbing,806.49,639.43
T000990,Plumbing,806.49,639.43
T003130,Plumbing,806.37,639.43
T002415,Plumbing,806.30,639.43
T005049,Paint,805.35,622.84
T003492,Electrical,805.00,661.01
T000963,"Lawn & Garden",804.75,638.46
T002571,Hardware,803.64,646.60
T001335,"Lawn & Garden",802.17,638.46
T002942,Hardware,802.02,646.60
T004875,Plumbing,801.85,639.43
T002347,Electrical,801.36,661.01
T006403,"Building Materials",801.04,651.30
T003213,"Lawn & Garden",800.80,638.46
T000624,"Lawn & Garden",799.98,638.46
T000615,Appliances,799.77,640.60
T005468,Paint,799.59,622.84
T004106,Plumbing,799.15,639.43
T000294,"Building Materials",798.25,651.30
T007008,Paint,798.06,622.84
T003673,Paint,797.91,622.84
T002624,Hardware,797.25,646.60
T001639,Appliances,797.20,640.60
T004462,Paint,796.80,622.84
T005480,"Lawn & Garden",795.35,638.46
T000176,Plumbing,795.12,639.43
T001156,Hardware,794.91,646.60
T002985,Hardware,794.67,646.60
T003557,"Lawn & Garden",794.64,638.46
T002176,Appliances,794.48,640.60
T001657,Paint,794.46,622.84
T003613,Electrical,794.15,661.01
T007012,"Building Materials",793.92,651.30
T007428,Appliances,793.08,640.60
T004919,Hardware,792.84,646.60
T001148,Electrical,792.75,661.01
T003319,"Building Materials",792.69,651.30
T006009,Paint,792.09,622.84
T002077,Appliances,791.64,640.60
T006219,Hardware,791.64,646.60
T002871,Paint,791.61,622.84
T001328,Hardware,791.24,646.60
T002821,"Lawn & Garden",791.04,638.46
T002182,Electrical,790.80,661.01
T001197,Plumbing,790.71,639.43
T005831,Hardware,790.23,646.60
T007091,Electrical,790.08,661.01
T005780,Electrical,790.02,661.01
T002233,Paint,789.93,622.84
T004854,Hardware,789.78,646.60
T004010,Electrical,789.57,661.01
T006483,Appliances,789.35,640.60
T006583,paint,788.97,622.84
T002207,Electrical,788.73,661.01
T000363,Appliances,788.61,640.60
T000009,"Building Materials",788.37,651.30
T006018,Plumbing,787.92,639.43
T007281,Paint,787.11,622.84
T003006,Paint,787.08,622.84
T007219,Plumbing,787.00,639.43
T003938,Electrical,786.90,661.01
T001295,"Building Materials",786.72,651.30
T000487,Paint,786.45,622.84
T004031,Plumbing,785.88,639.43
T002165,Electrical,785.58,661.01
T006241,Hardware,784.96,646.60
T002730,Appliances,784.80,640.60
T002072,"Lawn & Garden",784.71,638.46
T004452,"Lawn & Garden",784.53,638.46
T001535,Hardware,784.50,646.60
T001710,Paint,784.00,622.84
T001610,Hardware,783.56,646.60
T001999,Paint,783.24,622.84
T003532,Plumbing,783.09,639.43
T003740,"Building Materials",782.76,651.30
T003337,"Building Materials",782.10,651.30
T000451,Plumbing,781.96,639.43
T006135,"Lawn & Garden",781.68,638.46
T004092,Plumbing,780.93,639.43
T004586,Paint,780.60,622.84
T005858,Plumbing,780.48,639.43
T003261,Appliances,780.42,640.60
T002671,"Lawn & Garden",779.10,638.46
T001578,Hardware,778.52,646.60
T003153,Plumbing,778.47,639.43
T004895,Electrical,777.69,661.01
T007319,Paint,777.28,622.84
T001801,Electrical,776.84,661.01
T007401,Appliances,776.55,640.60
T000591,Appliances,776.55,640.60
T001362,Appliances,776.20,640.60
T003323,Electrical,776.16,661.01
T003547,Plumbing,775.32,639.43
T004371,Electrical,774.88,661.01
T001051,Electrical,774.08,661.01
T003392,"Building Materials",774.00,651.30
T002079,Electrical,773.76,661.01
T007422,"Building Materials",772.80,651.30
T002837,Appliances,772.71,640.60
T001865,"Lawn & Garden",772.62,638.46
T001809,Paint,772.44,622.84
T000147,Appliances,771.96,640.60
T001260,Paint,771.60,622.84
T000995,Paint,771.15,622.84
T004517,Hardware,770.88,646.60
T002228,Paint,770.60,622.84
T003437,Electrical,768.25,661.01
T006917,Paint,768.21,622.84
T005429,Plumbing,768.16,639.43
T006738,"Lawn & Garden",768.09,638.46
T001108,Plumbing,767.45,639.43
T001208,"Lawn & Garden",767.37,638.46
T001492,Electrical,766.48,661.01
T002288,Appliances,766.35,640.60
T004746,Electrical,766.30,661.01
T001527,Hardware,766.17,646.60
T004009,Electrical,766.08,661.01
T003739,Hardware,765.96,646.60
T002659,Plumbing,765.80,639.43
T003636,Hardware,764.44,646.60
T000137,"Building Materials",764.12,651.30
T003952,Plumbing,763.91,639.43
T003346,Hardware,763.60,646.60
T005220,"Building Materials",763.41,651.30
T005807,"Lawn & Garden",762.48,638.46
T003610,Plumbing,762.35,639.43
T004392,Appliances,762.27,640.60
T004797,Appliances,762.24,640.60
T007115,Electrical,758.70,661.01
T003868,"Building Materials",758.36,651.30
T002195,"Building Materials",758.28,651.30
T001886,"Lawn & Garden",758.20,638.46
T003316,Electrical,757.85,661.01
T002889,Electrical,756.90,661.01
T002801,Electrical,756.81,661.01
T002256,Hardware,756.35,646.60
T006203,Hardware,755.76,646.60
T002490,Electrical,754.80,661.01
T005722,Plumbing,754.50,639.43
T007067,Electrical,754.20,661.01
T006179,Plumbing,754.14,639.43
T000980,Electrical,753.87,661.01
T004006,Plumbing,753.72,639.43
T005932,Electrical,752.52,661.01
T005522,Plumbing,751.28,639.43
T000809,Paint,751.26,622.84
T005328,"Building Materials",750.52,651.30
T005975,"Building Materials",749.92,651.30
T007419,Electrical,749.42,661.01
T000279,Hardware,748.64,646.60
T004844,Appliances,748.47,640.60
T000317,Electrical,747.90,661.01
T003678,Hardware,747.80,646.60
T004708,Electrical,747.15,661.01
T006153,Hardware,746.60,646.60
T003214,Paint,746.16,622.84
T000666,Hardware,746.15,646.60
T002464,Paint,745.44,622.84
T006175,Paint,745.23,622.84
T003308,"Building Materials",744.80,651.30
T007299,appliances,743.76,640.60
T002346,Electrical,742.75,661.01
T007350,Appliances,742.26,640.60
T002759,Electrical,742.14,661.01
T005045,"Building Materials",742.08,651.30
T001421,Electrical,741.70,661.01
T006186,Hardware,741.60,646.60
T007472,Hardware,741.12,646.60
T003910,Paint,741.08,622.84
T005785,Plumbing,740.85,639.43
T004161,"Building Materials",740.82,651.30
T006889,Appliances,740.15,640.60
T000253,Paint,739.60,622.84
T001431,"Building Materials",739.50,651.30
T003852,"Lawn & Garden",739.26,638.46
T004926,Hardware,738.92,646.60
T001670,Hardware,738.81,646.60
T004035,"Lawn & Garden",738.42,638.46
T003590,"Lawn & Garden",738.06,638.46
T003415,Hardware,737.82,646.60
T006791,"Lawn & Garden",737.76,638.46
T003611,"Lawn & Garden",737.44,638.46
T003274,"Lawn & Garden",737.28,638.46
T001365,"Building Materials",737.01,651.30
T000515,"Building Materials",736.68,651.30
T005389,Appliances,736.56,640.60
T003586,Appliances,736.32,640.60
T005097,Plumbing,736.29,639.43
T004457,Hardware,736.20,646.60
T005503,Electrical,736.11,661.01
T006993,Paint,736.04,622.84
T005132,Appliances,735.87,640.60
T007356,"Building Materials",735.36,651.30
T004964,Electrical,734.16,661.01
T001174,Paint,734.00,622.84
T006151,Appliances,733.98,640.60
T004975,"Building Materials",733.86,651.30
T006697,"Lawn & Garden",733.81,638.46
T006991,"Lawn & Garden",733.08,638.46
T005139,Plumbing,732.90,639.43
T004237,Appliances,732.20,640.60
T005147,Electrical,732.09,661.01
T002488,"Lawn & Garden",731.28,638.46
T001056,"Building Materials",730.76,651.30
T002590,Hardware,730.68,646.60
T002966,Paint,730.23,622.84
T000390,"Lawn & Garden",729.96,638.46
T007129,Electrical,729.87,661.01
T006639,Plumbing,729.54,639.43
T000528,Electrical,728.91,661.01
T004647,Electrical,728.91,661.01
T004614,"Building Materials",728.85,651.30
T002280,"Building Materials",728.36,651.30
T006588,Hardware,727.85,646.60
T004511,Appliances,727.17,640.60
T004435,Electrical,727.15,661.01
T000654,"Building Materials",727.11,651.30
T003937,Paint,726.70,622.84
T002585,"Lawn & Garden",726.56,638.46
T004977,"Lawn & Garden",725.88,638.46
T001106,Paint,725.46,622.84
T001282,Plumbing,725.44,639.43
T006871,Paint,725.31,622.84
T007035,Hardware,725.22,646.60
T005635,Appliances,725.10,640.60
T006527,"Building Materials",724.76,651.30
T006023,"Lawn & Garden",724.44,638.46
T007256,Hardware,724.32,646.60
T003185,Electrical,724.14,661.01
T003105,Hardware,723.90,646.60
T004635,Electrical,723.24,661.01
T000188,Hardware,722.91,646.60
T001708,Electrical,722.73,661.01
T000408,Hardware,720.54,646.60
T001024,Hardware,720.51,646.60
T003441,Electrical,720.30,661.01
T000576,Plumbing,720.03,639.43
T005544,Appliances,719.84,640.60
T000481,"Building Materials",719.28,651.30
T006923,Appliances,718.74,640.60
T005954,Appliances,718.70,640.60
T001904,"Building Materials",717.12,651.30
T001157,Appliances,716.75,640.60
T004660,Hardware,715.52,646.60
T005777,Electrical,715.11,661.01
T002647,Plumbing,715.08,639.43
T003993,Hardware,714.70,646.60
T000898,"Lawn & Garden",714.18,638.46
T003976,"Lawn & Garden",713.73,638.46
T005381,Electrical,713.52,661.01
T005163,"Building Materials",713.25,651.30
T000026,Hardware,713.16,646.60
T002050,Plumbing,712.92,639.43
T004477,Hardware,712.71,646.60
T004367,Appliances,711.84,640.60
T007081,Plumbing,710.90,639.43
T003589,Hardware,710.80,646.60
T007252,Plumbing,709.50,639.43
T006038,"Lawn & Garden",709.20,638.46
T000628,Appliances,708.93,640.60
T004357,Hardware,708.78,646.60
T004109,"Lawn & Garden",708.64,638.46
T005783,"Lawn & Garden",708.51,638.46
T002042,"Building Materials",708.42,651.30
T002358,"Building Materials",708.36,651.30
T001649,"Lawn & Garden",707.88,638.46
T003380,Hardware,707.82,646.60
T005513,Electrical,707.73,661.01
T006710,"Building Materials",707.61,651.30
T005282,Appliances,707.60,640.60
T003834,"Building Materials",707.49,651.30
T001836,Electrical,706.68,661.01
T001002,Electrical,706.62,661.01
T000454,Hardware,705.96,646.60
T007332,Appliances,705.93,640.60
T006171,"Building Materials",705.84,651.30
T000598,Plumbing,705.60,639.43
T001271,Hardware,704.85,646.60
T001226,Appliances,704.50,640.60
T005447,Plumbing,704.04,639.43
T005260,"Building Materials",703.44,651.30
T005215,Electrical,702.21,661.01
T003625,Electrical,701.96,661.01
T000315,Hardware,701.08,646.60
T006421,"lawn & garden",700.89,638.46
T006841,Appliances,700.56,640.60
T006042,"Lawn & Garden",700.56,638.46
T000309,Appliances,699.95,640.60
T002292,"Building Materials",699.88,651.30
T005957,Paint,699.72,622.84
T002978,Paint,699.39,622.84
T000732,Appliances,699.36,640.60
T000779,"Lawn & Garden",698.90,638.46
T006104,"Building Materials",698.80,651.30
T005676,Electrical,698.79,661.01
T004398,Paint,698.70,622.84
T006277,Electrical,698.42,661.01
T003665,"Lawn & Garden",697.92,638.46
T001043,Plumbing,697.75,639.43
T007052,Hardware,697.26,646.60
T006359,"Building Materials",697.24,651.30
T001616,Paint,697.20,622.84
T000045,"Building Materials",697.11,651.30
T000186,Electrical,697.02,661.01
T000962,Electrical,696.52,661.01
T000323,Hardware,696.28,646.60
T005492,Paint,695.98,622.84
T005926,Paint,694.85,622.84
T005183,"Lawn & Garden",694.82,638.46
T000157,Electrical,694.70,661.01
T006992,Appliances,694.56,640.60
T005100,Hardware,694.02,646.60
T006616,Plumbing,693.99,639.43
T002879,Plumbing,693.84,639.43
T001988,Electrical,693.65,661.01
T004191,Appliances,693.63,640.60
T004987,Hardware,693.20,646.60
T006890,Paint,692.94,622.84
T006159,Electrical,692.88,661.01
T000007,Hardware,692.84,646.60
T004896,Hardware,692.14,646.60
T001287,"Building Materials",691.85,651.30
T000973,Plumbing,691.76,639.43
T004260,"Building Materials",691.16,651.30
T005556,Electrical,690.96,661.01
T003989,"Building Materials",690.92,651.30
T000016,Hardware,690.78,646.60
T003022,Hardware,690.54,646.60
T006306,"Building Materials",690.20,651.30
T001086,"Lawn & Garden",689.88,638.46
T007375,Hardware,689.70,646.60
T004989,Appliances,689.58,640.60
T003656,Appliances,689.35,640.60
T001175,Plumbing,689.22,639.43
T005431,Plumbing,688.59,639.43
T003195,Electrical,688.56,661.01
T002861,"Building Materials",688.50,651.30
T007343,Electrical,688.17,661.01
T001870,Paint,688.04,622.84
T002104,Plumbing,687.84,639.43
T004078,"Building Materials",687.72,651.30
T000843,Hardware,687.10,646.60
T002646,Appliances,687.08,640.60
T000306,"Lawn & Garden",687.05,638.46
T003914,Hardware,686.88,646.60
T003549,"Building Materials",686.70,651.30
T003904,"Building Materials",686.60,651.30
T000885,Paint,686.40,622.84
T003270,Appliances,685.56,640.60
T002291,Paint,685.54,622.84
T006906,Hardware,685.14,646.60
T004044,Paint,684.64,622.84
T003131,Plumbing,684.60,639.43
T004408,Electrical,684.48,661.01
T002910,"lawn & garden",684.34,638.46
T004227,"Building Materials",684.24,651.30
T002131,Hardware,684.11,646.60
T000362,"Building Materials",684.03,651.30
T003483,Appliances,683.84,640.60
T005960,"Lawn & Garden",683.28,638.46
T006220,Hardware,683.01,646.60
T002251,"Lawn & Garden",682.88,638.46
T000511,"Lawn & Garden",682.76,638.46
T007312,Plumbing,682.42,639.43
T006066,"Lawn & Garden",682.12,638.46
T005039,Plumbing,681.66,639.43
T004872,Electrical,681.20,661.01
T002232,"Building Materials",680.96,651.30
T001547,"Building Materials",680.88,651.30
T007317,Hardware,680.84,646.60
T004808,Plumbing,680.52,639.43
T002487,Plumbing,680.50,639.43
T000883,Hardware,680.28,646.60
T002153,Paint,680.10,622.84
T005460,"Building Materials",679.98,651.30
T006615,Paint,679.98,622.84
T001136,Paint,679.64,622.84
T004677,Plumbing,679.44,639.43
T005028,"Lawn & Garden",679.35,638.46
T003985,Paint,679.32,622.84
T002771,Appliances,678.90,640.60
T003401,"Building Materials",678.82,651.30
T005894,Paint,678.78,622.84
T004239,Appliances,678.70,640.60
T004257,Hardware,678.70,646.60
T003271,Plumbing,678.70,639.43
T006155,Plumbing,678.58,639.43
T003958,"Building Materials",678.54,651.30
T005477,Plumbing,678.52,639.43
T000999,Hardware,678.22,646.60
T002928,Electrical,677.98,661.01
T005393,"Lawn & Garden",677.96,638.46
T004823,"Lawn & Garden",677.95,638.46
T004104,"Building Materials",677.73,651.30
T000173,"Lawn & Garden",677.22,638.46
T004356,Paint,676.92,622.84
T000838,Plumbing,676.92,639.43
T000308,Electrical,676.74,661.01
T005179,"Lawn & Garden",676.74,638.46
T002356,"Lawn & Garden",676.40,638.46
T000586,"Building Materials",676.32,651.30
T001290,Paint,676.30,622.84
T006189,Appliances,676.15,640.60
T000813,Hardware,675.92,646.60
T006684,Plumbing,675.76,639.43
T006576,electrical,675.30,661.01
T006273,"Building Materials",675.16,651.30
T004956,"Building Materials",675.00,651.30
T002512,Appliances,674.95,640.60
T006076,"Lawn & Garden",674.36,638.46
T005918,Appliances,673.68,640.60
T001848,Plumbing,673.65,639.43
T004433,Hardware,673.46,646.60
T000237,Paint,673.35,622.84
T000006,Electrical,673.00,661.01
T003553,"Building Materials",672.80,651.30
T007166,"Lawn & Garden",672.70,638.46
T006001,"Lawn & Garden",672.66,638.46
T002265,Appliances,672.28,640.60
T005679,Plumbing,672.00,639.43
T004610,Electrical,671.82,661.01
T005478,Plumbing,671.80,639.43
T001023,Electrical,671.70,661.01
T002555,Electrical,671.34,661.01
T004108,"Building Materials",671.12,651.30
T002136,Plumbing,671.02,639.43
T001864,Paint,671.00,622.84
T002697,appliances,670.68,640.60
T004715,Electrical,670.60,661.01
T004931,"Building Materials",670.52,651.30
T004751,Plumbing,670.44,639.43
T001833,"Lawn & Garden",670.35,638.46
T001482,Hardware,670.14,646.60
T005323,Appliances,669.88,640.60
T000558,"Lawn & Garden",669.82,638.46
T005550,Paint,669.32,622.84
T001867,Paint,669.27,622.84
T002444,Appliances,668.78,640.60
T004686,Electrical,668.55,661.01
T007263,"Lawn & Garden",668.28,638.46
T003061,"Lawn & Garden",668.28,638.46
T004605,Hardware,668.20,646.60
T000060,"Lawn & Garden",667.96,638.46
T006682,Appliances,667.84,640.60
T006378,"Lawn & Garden",667.32,638.46
T001430,Hardware,667.24,646.60
T005964,Hardware,667.20,646.60
T003923,"Lawn & Garden",667.14,638.46
T004410,Electrical,666.96,661.01
T000395,"Lawn & Garden",666.86,638.46
T003957,Plumbing,666.12,639.43
T001557,"Building Materials",665.40,651.30
T004917,Plumbing,665.28,639.43
T004766,Plumbing,664.90,639.43
T002416,"Building Materials",664.71,651.30
T000879,Paint,664.68,622.84
T003294,Hardware,664.47,646.60
T002491,Paint,664.18,622.84
T003798,Hardware,663.85,646.60
T004702,Paint,663.75,622.84
T007262,Electrical,663.02,661.01
T006594,Plumbing,662.98,639.43
T007481,Paint,662.90,622.84
T002738,Electrical,662.82,661.01
T000729,"Lawn & Garden",662.56,638.46
T006350,"Building Materials",662.50,651.30
T000218,Paint,662.40,622.84
T004022,Plumbing,662.34,639.43
T006848,Electrical,662.15,661.01
T003091,"Lawn & Garden",662.13,638.46
T006935,"Lawn & Garden",661.80,638.46
T004007,Appliances,661.52,640.60
T002004,Electrical,661.32,661.01
T003544,Paint,661.32,622.84
T002823,Plumbing,660.84,639.43
T001299,Plumbing,660.65,639.43
T005258,Plumbing,660.62,639.43
T004117,Paint,660.54,622.84
T006051,Appliances,660.42,640.60
T005820,Paint,660.12,622.84
T004548,"Building Materials",660.00,651.30
T006519,"Lawn & Garden",659.88,638.46
T005715,"Lawn & Garden",659.74,638.46
T005732,Hardware,659.52,646.60
T004292,"Building Materials",659.38,651.30
T001103,Appliances,659.36,640.60
T006087,Plumbing,659.28,639.43
T004470,Paint,659.19,622.84
T007326,Plumbing,659.01,639.43
T003604,"Building Materials",658.84,651.30
T002501,"Lawn & Garden",658.83,638.46
T003523,Paint,658.80,622.84
T003391,Appliances,658.71,640.60
T001679,Hardware,658.62,646.60
T006829,Paint,658.62,622.84
T004537,Hardware,658.50,646.60
T005245,Hardware,658.30,646.60
T004615,Plumbing,658.20,639.43
T005637,Appliances,658.12,640.60
T006323,"Lawn & Garden",657.84,638.46
T002768,Appliances,657.78,640.60
T004735,Paint,657.74,622.84
T000146,Paint,657.32,622.84
T003529,Paint,657.15,622.84
T007192,Plumbing,656.62,639.43
T006579,Plumbing,656.60,639.43
T002169,Hardware,656.52,646.60
T002497,Appliances,656.32,640.60
T004147,"Lawn & Garden",656.25,638.46
T003021,Appliances,656.22,640.60
T007237,"Lawn & Garden",656.16,638.46
T000778,Appliances,656.00,640.60
T007068,Appliances,655.95,640.60
T003655,Hardware,655.80,646.60
T005671,Plumbing,655.80,639.43
T002610,Paint,655.50,622.84
T006857,Hardware,655.44,646.60
T004478,"Lawn & Garden",655.40,638.46
T001698,"Building Materials",655.30,651.30
T002856,"Lawn & Garden",655.26,638.46
T004059,Hardware,655.20,646.60
T003429,Plumbing,655.04,639.43
T007028,Plumbing,654.98,639.43
T005263,Appliances,654.50,640.60
T004887,Appliances,654.34,640.60
T005763,Paint,654.30,622.84
T002215,"Building Materials",654.20,651.30
T004404,Paint,654.15,622.84
T005226,Hardware,654.06,646.60
T002401,Paint,653.85,622.84
T002124,Appliances,653.64,640.60
T003554,Paint,653.36,622.84
T002258,"Lawn & Garden",653.16,638.46
T005602,Plumbing,653.10,639.43
T005259,"Lawn & Garden",653.04,638.46
T006949,Plumbing,653.02,639.43
T003289,Hardware,652.56,646.60
T003109,Appliances,652.50,640.60
T004415,Plumbing,652.32,639.43
T005316,"Lawn & Garden",651.72,638.46
T003394,Paint,651.48,622.84
T002481,"Lawn & Garden",650.97,638.46
T003209,Hardware,650.86,646.60
T006754,"Lawn & Garden",650.82,638.46
T005401,Paint,649.74,622.84
T002701,Paint,649.24,622.84
T005581,"Lawn & Garden",649.22,638.46
T004168,Hardware,648.62,646.60
T001427,Hardware,648.58,646.60
T002069,Plumbing,648.40,639.43
T005035,"Lawn & Garden",647.88,638.46
T005414,Plumbing,647.64,639.43
T004504,Plumbing,647.48,639.43
T003594,Plumbing,647.40,639.43
T005936,Paint,647.13,622.84
T005823,Hardware,647.12,646.60
T000171,Appliances,647.04,640.60
T005554,Paint,647.04,622.84
T006809,"Lawn & Garden",647.01,638.46
T003922,Plumbing,646.65,639.43
T000128,"Lawn & Garden",646.12,638.46
T006798,Plumbing,645.87,639.43
T003535,"Lawn & Garden",644.97,638.46
T000052,Plumbing,644.96,639.43
T006308,"Lawn & Garden",644.79,638.46
T003154,Appliances,644.65,640.60
T006910,Paint,644.44,622.84
T001933,Paint,644.22,622.84
T005307,"Lawn & Garden",644.14,638.46
T003521,"Lawn & Garden",643.50,638.46
T007429,Paint,643.50,622.84
T004065,Paint,642.54,622.84
T001060,"Lawn & Garden",641.62,638.46
T005435,Paint,641.54,622.84
T001918,"Lawn & Garden",641.16,638.46
T005301,Plumbing,640.94,639.43
T004880,Appliances,640.64,640.60
T006383,"Lawn & Garden",639.93,638.46
T002747,Paint,639.54,622.84
T005665,Paint,637.54,622.84
T006185,Paint,636.80,622.84
T004601,Paint,635.48,622.84
T006073,Paint,632.88,622.84
T004550,Paint,624.68,622.84
T004238,Paint,623.40,622.84
