product_id,category,total_sale,running_sales,cumulative_sales_percentage
P0053,Electrical,19712.64,19712.64,0.41
P0068,Plumbing,18557.78,38270.42,0.79
P0047,Hardware,17680.27,55950.69,1.16
P0052,"Building Materials",17321.51,73272.20,1.52
P0080,Appliances,17219.40,90491.60,1.88
P0029,Appliances,16825.48,107317.08,2.23
P0016,Paint,16300.54,123617.62,2.56
P0050,Plumbing,16176.29,139793.91,2.90
P0100,"Building Materials",15591.07,155384.98,3.22
P0065,Paint,15107.99,170492.97,3.54
P0037,Plumbing,15065.33,185558.30,3.85
P0025,Plumbing,14990.50,200548.80,4.16
P0063,Appliances,14593.83,215142.63,4.46
P0019,Plumbing,14532.25,229674.88,4.76
P0100,Hardware,14433.42,244108.30,5.06
P0039,Plumbing,14349.73,258458.03,5.36
P0089,"Building Materials",14285.20,272743.23,5.66
P0036,Hardware,14131.56,286874.79,5.95
P0095,Hardware,14107.36,300982.15,6.24
P0052,Hardware,13832.01,314814.16,6.53
P0038,Appliances,13820.70,328634.86,6.81
P0006,Paint,13808.19,342443.05,7.10
P0065,Electrical,13590.80,356033.85,7.38
P0023,Plumbing,13539.12,369572.97,7.66
P0076,"Building Materials",12894.89,382467.86,7.93
P0014,"Building Materials",12848.82,395316.68,8.20
P0039,Electrical,12650.41,407967.09,8.46
P0034,Paint,12643.40,420610.49,8.72
P0064,"Lawn & Garden",12641.71,433252.20,8.98
P0091,Electrical,12515.76,445767.96,9.24
P0045,Electrical,12442.82,458210.78,9.50
P0100,Plumbing,12351.80,470562.58,9.76
P0066,"Building Materials",12330.20,482892.78,10.01
P0056,Electrical,12241.65,495134.43,10.27
P0046,Appliances,12151.81,507286.24,10.52
P0059,Electrical,12140.08,519426.32,10.77
P0007,"Building Materials",11903.98,531330.30,11.02
P0009,Appliances,11899.80,543230.10,11.26
P0035,Hardware,11594.88,554824.98,11.50
P0074,"Building Materials",11578.47,566403.45,11.74
,Paint,11526.09,577929.54,11.98
P0079,Appliances,11507.36,589436.90,12.22
P0089,Hardware,11496.24,600933.14,12.46
P0057,Appliances,11455.14,612388.28,12.70
P0085,Hardware,11442.12,623830.40,12.94
P0062,Electrical,11408.91,635239.31,13.17
P0096,"Building Materials",11403.58,646642.89,13.41
P0013,Electrical,11354.34,657997.23,13.64
P0001,Appliances,11327.55,669324.78,13.88
P0007,Hardware,11282.86,680607.64,14.11
P0098,"Lawn & Garden",11274.22,691881.86,14.35
P0006,"Lawn & Garden",11228.76,703110.62,14.58
P0095,"Lawn & Garden",11160.52,714271.14,14.81
,Electrical,11145.29,725416.43,15.04
P0093,"Building Materials",11119.81,736536.24,15.27
P0015,"Lawn & Garden",11107.00,747643.24,15.50
P0042,Plumbing,11086.82,758730.06,15.73
P0027,Hardware,11054.51,769784.57,15.96
P0091,"Building Materials",11005.97,780790.54,16.19
P0052,Paint,10997.65,791788.19,16.42
P0043,Electrical,10991.93,802780.12,16.65
P0011,Electrical,10967.38,813747.50,16.87
P0067,"Lawn & Garden",10894.94,824642.44,17.10
P0021,Electrical,10867.15,835509.59,17.32
P0005,Electrical,10809.97,846319.56,17.55
P0040,Electrical,10775.79,857095.35,17.77
P0041,Paint,10756.98,867852.33,18.00
P0018,Plumbing,10753.85,878606.18,18.22
P0045,"Lawn & Garden",10723.79,889329.97,18.44
P0097,Hardware,10708.49,900038.46,18.66
P0047,Paint,10701.36,910739.82,18.88
P0059,"Building Materials",10638.06,921377.88,19.11
P0044,Hardware,10623.85,932001.73,19.33
P0063,Electrical,10553.64,942555.37,19.54
P0094,Electrical,10518.67,953074.04,19.76
P0017,Paint,10511.22,963585.26,19.98
P0044,Paint,10461.10,974046.36,20.20
P0057,Electrical,10427.24,984473.60,20.41
P0032,"Building Materials",10418.28,994891.88,20.63
P0093,Paint,10405.73,1005297.61,20.85
P0014,"Lawn & Garden",10395.79,1015693.40,21.06
P0097,Appliances,10385.64,1026079.04,21.28
P0044,Electrical,10375.39,1036454.43,21.49
P0066,"Lawn & Garden",10367.03,1046821.46,21.71
P0004,Hardware,10362.74,1057184.20,21.92
P0088,Electrical,10330.58,1067514.78,22.14
,Plumbing,10327.46,1077842.24,22.35
P0043,"Building Materials",10285.15,1088127.39,22.56
P0096,Hardware,10266.22,1098393.61,22.78
P0047,Appliances,10197.22,1108590.83,22.99
P0061,"Building Materials",10143.85,1118734.68,23.20
P0029,"Building Materials",10097.20,1128831.88,23.41
P0012,Plumbing,10088.78,1138920.66,23.62
P0063,Paint,10084.88,1149005.54,23.83
P0048,"Building Materials",10076.33,1159081.87,24.03
P0027,Appliances,10069.07,1169150.94,24.24
P0047,Plumbing,10048.83,1179199.77,24.45
P0026,Appliances,9962.71,1189162.48,24.66
P0026,"Building Materials",9953.18,1199115.66,24.86
P0016,"Building Materials",9952.65,1209068.31,25.07
P0060,Hardware,9941.45,1219009.76,25.28
P0087,Paint,9888.42,1228898.18,25.48
P0047,"lawn & garden",9870.27,1238768.45,25.69
P0036,"Building Materials",9868.26,1248636.71,25.89
P0043,"Lawn & Garden",9860.44,1258497.15,26.10
P0022,Hardware,9838.79,1268335.94,26.30
P0022,Electrical,9810.84,1278146.78,26.50
P0049,Hardware,9806.92,1287953.70,26.71
P0067,Plumbing,9786.54,1297740.24,26.91
P0002,Hardware,9771.92,1307512.16,27.11
P0088,Plumbing,9722.15,1317234.31,27.31
P0073,Plumbing,9697.97,1326932.28,27.51
P0040,Paint,9671.53,1336603.81,27.72
P0089,Appliances,9630.13,1346233.94,27.92
P0077,Plumbing,9623.38,1355857.32,28.11
P0054,Hardware,9591.49,1365448.81,28.31
P0045,Paint,9572.92,1375021.73,28.51
P0017,Hardware,9558.82,1384580.55,28.71
P0041,"Lawn & Garden",9552.74,1394133.29,28.91
P0061,Appliances,9531.54,1403664.83,29.11
P0070,Electrical,9530.37,1413195.20,29.30
P0085,Paint,9515.04,1422710.24,29.50
P0015,Hardware,9479.84,1432190.08,29.70
P0093,Electrical,9402.20,1441592.28,29.89
P0010,Paint,9399.08,1450991.36,30.09
P0038,Hardware,9388.81,1460380.17,30.28
P0075,Electrical,9387.17,1469767.34,30.48
P0055,"Lawn & Garden",9375.13,1479142.47,30.67
P0014,Electrical,9371.64,1488514.11,30.87
P0073,"Building Materials",9343.78,1497857.89,31.06
P0099,"Building Materials",9326.45,1507184.34,31.25
P0097,Plumbing,9322.97,1516507.31,31.45
P0020,Hardware,9313.64,1525820.95,31.64
P0100,"Lawn & Garden",9289.48,1535110.43,31.83
P0089,Paint,9287.99,1544398.42,32.02
P0092,Electrical,9272.22,1553670.64,32.22
P0037,Appliances,9244.21,1562914.85,32.41
P0019,Paint,9224.82,1572139.67,32.60
P0046,Electrical,9223.77,1581363.44,32.79
P0022,Plumbing,9212.45,1590575.89,32.98
P0033,Plumbing,9175.98,1599751.87,33.17
P0053,Hardware,9141.68,1608893.55,33.36
P0054,"Building Materials",9117.26,1618010.81,33.55
P0045,Appliances,9096.96,1627107.77,33.74
P0036,"Lawn & Garden",9085.21,1636192.98,33.93
P0035,"Building Materials",9050.27,1645243.25,34.12
P0034,"Building Materials",9018.23,1654261.48,34.30
P0062,"Building Materials",8975.72,1663237.20,34.49
P0080,"Lawn & Garden",8975.68,1672212.88,34.67
P0061,"Lawn & Garden",8949.07,1681161.95,34.86
P0006,Hardware,8943.41,1690105.36,35.05
P0013,Appliances,8941.13,1699046.49,35.23
P0024,Plumbing,8915.53,1707962.02,35.42
P0041,"Building Materials",8912.32,1716874.34,35.60
P0100,Paint,8894.79,1725769.13,35.79
P0072,Hardware,8866.95,1734636.08,35.97
P0022,Paint,8863.74,1743499.82,36.15
,"Building Materials",8842.53,1752342.35,36.34
P0001,Hardware,8834.80,1761177.15,36.52
P0043,Hardware,8823.83,1770000.98,36.70
P0048,Electrical,8815.94,1778816.92,36.89
P0018,Appliances,8811.23,1787628.15,37.07
P0002,Paint,8800.64,1796428.79,37.25
P0011,Appliances,8794.89,1805223.68,37.43
P0098,Electrical,8787.23,1814010.91,37.61
P0074,Hardware,8782.80,1822793.71,37.80
P0026,Paint,8782.51,1831576.22,37.98
P0064,Hardware,8772.40,1840348.62,38.16
P0049,Appliances,8718.40,1849067.02,38.34
P0095,Electrical,8674.19,1857741.21,38.52
P0067,Paint,8653.91,1866395.12,38.70
P0019,"Building Materials",8652.19,1875047.31,38.88
P0048,Appliances,8604.43,1883651.74,39.06
P0058,"Building Materials",8600.74,1892252.48,39.24
P0061,Hardware,8539.36,1900791.84,39.41
P0005,Plumbing,8531.55,1909323.39,39.59
P0057,Plumbing,8528.15,1917851.54,39.77
P0071,"Lawn & Garden",8507.90,1926359.44,39.94
P0023,Paint,8503.99,1934863.43,40.12
P0072,Electrical,8499.87,1943363.30,40.30
P0087,Electrical,8486.33,1951849.63,40.47
P0076,"Lawn & Garden",8484.50,1960334.13,40.65
P0011,"Building Materials",8457.23,1968791.36,40.82
P0012,Hardware,8403.18,1977194.54,41.00
P0026,Electrical,8402.42,1985596.96,41.17
P0058,Plumbing,8393.95,1993990.91,41.35
P0025,"Lawn & Garden",8365.49,2002356.40,41.52
P0004,Paint,8334.24,2010690.64,41.69
P0008,Electrical,8333.00,2019023.64,41.87
P0060,"Lawn & Garden",8310.25,2027333.89,42.04
P0079,Paint,8296.60,2035630.49,42.21
P0092,"Lawn & Garden",8291.21,2043921.70,42.38
P0024,Hardware,8288.09,2052209.79,42.55
P0046,"Building Materials",8228.97,2060438.76,42.72
P0065,Plumbing,8211.54,2068650.30,42.89
P0031,Paint,8196.16,2076846.46,43.06
P0064,"Building Materials",8188.24,2085034.70,43.23
P0099,Hardware,8185.16,2093219.86,43.40
P0062,Plumbing,8174.26,2101394.12,43.57
P0036,Appliances,8174.04,2109568.16,43.74
P0006,Appliances,8170.90,2117739.06,43.91
P0039,Appliances,8169.32,2125908.38,44.08
P0068,"Building Materials",8157.34,2134065.72,44.25
P0069,Paint,8155.42,2142221.14,44.42
P0068,Appliances,8152.22,2150373.36,44.59
P0019,Electrical,8145.48,2158518.84,44.76
P0007,"Lawn & Garden",8130.48,2166649.32,44.93
P0084,Paint,8129.42,2174778.74,45.10
P0097,Paint,8126.89,2182905.63,45.26
P0045,Plumbing,8097.57,2191003.20,45.43
P0037,"Building Materials",8090.95,2199094.15,45.60
P0061,Electrical,8050.65,2207144.80,45.77
P0050,"Building Materials",8039.06,2215183.86,45.93
P0025,Paint,8023.85,2223207.71,46.10
P0013,"Lawn & Garden",8005.95,2231213.66,46.27
P0034,Plumbing,7963.13,2239176.79,46.43
P0032,Hardware,7953.85,2247130.64,46.60
P0021,Plumbing,7940.75,2255071.39,46.76
P0012,Paint,7938.54,2263009.93,46.93
P0094,Paint,7927.38,2270937.31,47.09
P0022,"Building Materials",7923.42,2278860.73,47.25
P0003,"Lawn & Garden",7910.32,2286771.05,47.42
P0080,"Building Materials",7906.64,2294677.69,47.58
P0038,Plumbing,7902.67,2302580.36,47.75
P0024,"Building Materials",7866.02,2310446.38,47.91
P0065,Appliances,7865.91,2318312.29,48.07
P0081,Plumbing,7842.36,2326154.65,48.23
P0078,Hardware,7830.72,2333985.37,48.40
P0096,"Lawn & Garden",7827.00,2341812.37,48.56
P0069,Hardware,7824.63,2349637.00,48.72
P0082,Hardware,7816.77,2357453.77,48.88
P0071,Plumbing,7783.57,2365237.34,49.04
P0076,Plumbing,7778.40,2373015.74,49.21
P0033,Hardware,7766.32,2380782.06,49.37
P0070,"Lawn & Garden",7765.92,2388547.98,49.53
P0060,Plumbing,7756.05,2396304.03,49.69
P0058,Hardware,7750.58,2404054.61,49.85
P0095,Paint,7747.16,2411801.77,50.01
P0018,"Building Materials",7744.34,2419546.11,50.17
P0023,"Building Materials",7725.98,2427272.09,50.33
P0097,"Building Materials",7713.94,2434986.03,50.49
P0082,"Lawn & Garden",7706.74,2442692.77,50.65
P0031,Plumbing,7697.28,2450390.05,50.81
P0004,Plumbing,7673.36,2458063.41,50.97
P0004,Electrical,7672.12,2465735.53,51.13
P0017,Appliances,7668.20,2473403.73,51.29
P0055,Plumbing,7616.42,2481020.15,51.45
P0094,"Lawn & Garden",7610.83,2488630.98,51.60
P0078,"Building Materials",7606.73,2496237.71,51.76
P0014,Appliances,7598.44,2503836.15,51.92
P0011,"Lawn & Garden",7589.73,2511425.88,52.08
P0094,Hardware,7589.20,2519015.08,52.23
P0077,Appliances,7584.18,2526599.26,52.39
P0050,"Lawn & Garden",7558.27,2534157.53,52.55
P0015,Electrical,7538.13,2541695.66,52.70
P0056,Paint,7526.90,2549222.56,52.86
P0029,Plumbing,7523.23,2556745.79,53.02
P0040,"Lawn & Garden",7518.59,2564264.38,53.17
P0092,Appliances,7517.55,2571781.93,53.33
P0056,Hardware,7513.77,2579295.70,53.48
P0091,"Lawn & Garden",7507.67,2586803.37,53.64
P0034,Electrical,7506.87,2594310.24,53.79
P0055,Appliances,7503.30,2601813.54,53.95
P0062,Paint,7479.86,2609293.40,54.11
P0003,Paint,7457.61,2616751.01,54.26
P0081,Appliances,7452.17,2624203.18,54.41
P0056,"Lawn & Garden",7446.01,2631649.19,54.57
P0037,Hardware,7424.98,2639074.17,54.72
P0005,Paint,7408.94,2646483.11,54.88
P0050,Hardware,7402.59,2653885.70,55.03
P0017,"Building Materials",7394.67,2661280.37,55.18
P0088,"Lawn & Garden",7361.97,2668642.34,55.34
P0069,Appliances,7350.91,2675993.25,55.49
P0048,Hardware,7348.76,2683342.01,55.64
P0098,Appliances,7346.43,2690688.44,55.79
P0021,"Lawn & Garden",7338.10,2698026.54,55.95
P0033,Electrical,7337.88,2705364.42,56.10
P0064,Appliances,7317.02,2712681.44,56.25
P0090,Plumbing,7312.57,2719994.01,56.40
P0056,"Building Materials",7307.07,2727301.08,56.55
P0011,Hardware,7282.18,2734583.26,56.70
P0016,Hardware,7279.01,2741862.27,56.85
P0054,Plumbing,7272.28,2749134.55,57.01
P0087,Appliances,7249.91,2756384.46,57.16
P0021,Paint,7241.31,2763625.77,57.31
P0083,Hardware,7214.47,2770840.24,57.46
P0099,Paint,7206.04,2778046.28,57.60
P0018,"Lawn & Garden",7193.93,2785240.21,57.75
P0087,Hardware,7192.31,2792432.52,57.90
P0098,"Building Materials",7171.31,2799603.83,58.05
P0042,Hardware,7153.59,2806757.42,58.20
P0028,Appliances,7153.52,2813910.94,58.35
P0031,Electrical,7144.27,2821055.21,58.50
P0096,Paint,7137.74,2828192.95,58.64
P0042,Electrical,7134.35,2835327.30,58.79
P0017,"Lawn & Garden",7128.67,2842455.97,58.94
P0068,Electrical,7120.31,2849576.28,59.09
P0066,Appliances,7108.48,2856684.76,59.24
P0084,"Building Materials",7108.45,2863793.21,59.38
P0046,Plumbing,7106.90,2870900.11,59.53
P0032,Paint,7098.67,2877998.78,59.68
P0039,Paint,7091.31,2885090.09,59.82
P0022,Appliances,7088.22,2892178.31,59.97
P0016,Plumbing,7070.84,2899249.15,60.12
P0041,Hardware,7060.92,2906310.07,60.26
P0055,Hardware,7043.94,2913354.01,60.41
P0071,Appliances,7033.70,2920387.71,60.56
P0037,"Lawn & Garden",7021.98,2927409.69,60.70
P0052,"Lawn & Garden",7019.18,2934428.87,60.85
P0019,Appliances,7011.06,2941439.93,60.99
P0028,Electrical,7006.04,2948445.97,61.14
P0017,Electrical,6985.20,2955431.17,61.28
P0096,Electrical,6968.46,2962399.63,61.43
P0083,Paint,6936.07,2969335.70,61.57
P0069,"Lawn & Garden",6935.23,2976270.93,61.72
P0005,"Lawn & Garden",6933.42,2983204.35,61.86
P0095,Appliances,6908.88,2990113.23,62.00
P0003,Hardware,6907.10,2997020.33,62.15
P0008,"Lawn & Garden",6897.03,3003917.36,62.29
P0083,"Lawn & Garden",6892.76,3010810.12,62.43
P0072,Plumbing,6891.74,3017701.86,62.57
P0079,Hardware,6879.58,3024581.44,62.72
P0073,"Lawn & Garden",6867.14,3031448.58,62.86
P0020,"Building Materials",6855.50,3038304.08,63.00
P0058,Appliances,6834.46,3045138.54,63.14
P0030,Hardware,6832.01,3051970.55,63.28
P0030,Appliances,6793.81,3058764.36,63.43
P0090,Hardware,6761.48,3065525.84,63.57
P0031,Hardware,6695.81,3072221.65,63.70
P0016,"Lawn & Garden",6690.42,3078912.07,63.84
P0096,Appliances,6681.68,3085593.75,63.98
P0046,Hardware,6670.33,3092264.08,64.12
P0080,Plumbing,6666.53,3098930.61,64.26
P0086,Electrical,6659.53,3105590.14,64.40
P0055,Paint,6653.36,3112243.50,64.53
P0049,"Building Materials",6646.90,3118890.40,64.67
P0035,"Lawn & Garden",6646.51,3125536.91,64.81
P0086,"Lawn & Garden",6642.82,3132179.73,64.95
P0083,Electrical,6641.47,3138821.20,65.09
P0079,"Building Materials",6639.03,3145460.23,65.22
P0004,"Lawn & Garden",6633.96,3152094.19,65.36
P0054,Appliances,6622.08,3158716.27,65.50
P0026,"Lawn & Garden",6614.19,3165330.46,65.64
P0008,Plumbing,6603.67,3171934.13,65.77
P0068,Hardware,6603.55,3178537.68,65.91
P0086,"Building Materials",6589.27,3185126.95,66.05
P0018,Electrical,6569.73,3191696.68,66.18
P0080,Paint,6565.18,3198261.86,66.32
P0009,Hardware,6544.69,3204806.55,66.45
P0004,"Building Materials",6542.80,3211349.35,66.59
P0074,Paint,6499.23,3217848.58,66.72
P0088,Appliances,6498.76,3224347.34,66.86
P0070,Hardware,6485.82,3230833.16,66.99
P0092,"Building Materials",6477.72,3237310.88,67.13
P0002,"Building Materials",6454.73,3243765.61,67.26
P0072,"Lawn & Garden",6435.47,3250201.08,67.40
P0037,Electrical,6424.78,3256625.86,67.53
P0043,Plumbing,6412.09,3263037.95,67.66
P0063,"Lawn & Garden",6410.30,3269448.25,67.79
P0075,"Lawn & Garden",6400.47,3275848.72,67.93
P0032,Plumbing,6396.49,3282245.21,68.06
P0008,Paint,6371.37,3288616.58,68.19
P0055,"Building Materials",6369.10,3294985.68,68.32
P0074,Plumbing,6366.19,3301351.87,68.46
P0042,"Lawn & Garden",6353.99,3307705.86,68.59
P0039,"Building Materials",6300.14,3314006.00,68.72
P0084,Hardware,6297.23,3320303.23,68.85
P0002,Plumbing,6294.96,3326598.19,68.98
P0086,Plumbing,6284.04,3332882.23,69.11
P0077,"Lawn & Garden",6275.43,3339157.66,69.24
P0064,Plumbing,6269.76,3345427.42,69.37
P0066,Electrical,6269.60,3351697.02,69.50
P0084,Electrical,6263.05,3357960.07,69.63
P0007,Electrical,6256.86,3364216.93,69.76
P0033,"Lawn & Garden",6256.41,3370473.34,69.89
P0007,Paint,6248.24,3376721.58,70.02
P0070,Paint,6242.12,3382963.70,70.15
P0087,"Lawn & Garden",6239.27,3389202.97,70.28
P0050,Appliances,6236.44,3395439.41,70.41
P0054,"Lawn & Garden",6232.03,3401671.44,70.54
P0029,"Lawn & Garden",6210.45,3407881.89,70.66
P0028,"Lawn & Garden",6210.41,3414092.30,70.79
P0011,Plumbing,6204.50,3420296.80,70.92
P0089,"Lawn & Garden",6197.83,3426494.63,71.05
P0027,Electrical,6197.28,3432691.91,71.18
P0018,Hardware,6194.95,3438886.86,71.31
P0080,Electrical,6193.21,3445080.07,71.44
P0008,Appliances,6186.16,3451266.23,71.56
P0051,"Lawn & Garden",6183.02,3457449.25,71.69
P0044,"building materials",6179.91,3463629.16,71.82
P0021,Hardware,6169.01,3469798.17,71.95
P0025,Electrical,6143.30,3475941.47,72.08
P0099,Electrical,6140.10,3482081.57,72.20
P0053,Paint,6131.96,3488213.53,72.33
P0023,Hardware,6130.59,3494344.12,72.46
P0029,Electrical,6127.98,3500472.10,72.58
P0071,Hardware,6122.39,3506594.49,72.71
P0014,Hardware,6119.33,3512713.82,72.84
P0063,Hardware,6116.19,3518830.01,72.97
P0030,"Building Materials",6091.46,3524921.47,73.09
P0045,"Building Materials",6085.42,3531006.89,73.22
P0051,Paint,6083.45,3537090.34,73.34
P0100,Electrical,6078.27,3543168.61,73.47
P0057,Hardware,6051.47,3549220.08,73.60
P0038,"Lawn & Garden",6041.65,3555261.73,73.72
P0002,"Lawn & Garden",6003.34,3561265.07,73.85
P0003,Appliances,5992.39,3567257.46,73.97
P0053,Appliances,5985.59,3573243.05,74.09
P0015,Paint,5978.32,3579221.37,74.22
P0025,"Building Materials",5964.17,3585185.54,74.34
P0009,"Building Materials",5944.07,3591129.61,74.46
P0072,"Building Materials",5935.57,3597065.18,74.59
P0075,Plumbing,5922.23,3602987.41,74.71
P0092,Paint,5920.94,3608908.35,74.83
P0037,Paint,5907.94,3614816.29,74.96
P0098,Paint,5872.77,3620689.06,75.08
P0017,Plumbing,5858.42,3626547.48,75.20
P0021,"Building Materials",5852.33,3632399.81,75.32
P0082,Appliances,5844.80,3638244.61,75.44
P0078,"Lawn & Garden",5816.43,3644061.04,75.56
P0011,Paint,5816.29,3649877.33,75.68
P0059,Appliances,5788.71,3655666.04,75.80
P0034,"Lawn & Garden",5783.49,3661449.53,75.92
P0056,Appliances,5769.35,3667218.88,76.04
P0044,Appliances,5755.06,3672973.94,76.16
P0028,"Building Materials",5748.94,3678722.88,76.28
P0099,"Lawn & Garden",5741.36,3684464.24,76.40
P0092,Hardware,5698.85,3690163.09,76.52
P0051,Plumbing,5692.00,3695855.09,76.64
P0095,"Building Materials",5685.15,3701540.24,76.75
P0064,Paint,5675.11,3707215.35,76.87
P0012,Appliances,5673.10,3712888.45,76.99
P0020,"Lawn & Garden",5671.85,3718560.30,77.11
P0038,Electrical,5650.09,3724210.39,77.22
P0035,Plumbing,5643.57,3729853.96,77.34
P0057,"Lawn & Garden",5639.70,3735493.66,77.46
P0051,Appliances,5638.41,3741132.07,77.57
P0024,Appliances,5636.94,3746769.01,77.69
P0072,Appliances,5636.51,3752405.52,77.81
P0085,"Building Materials",5624.66,3758030.18,77.93
P0091,Appliances,5618.68,3763648.86,78.04
P0053,"Building Materials",5603.10,3769251.96,78.16
P0090,"Building Materials",5602.57,3774854.53,78.27
P0024,Electrical,5560.76,3780415.29,78.39
P0085,Electrical,5551.47,3785966.76,78.50
P0068,Paint,5532.33,3791499.09,78.62
P0010,Hardware,5529.15,3797028.24,78.73
P0026,Hardware,5517.02,3802545.26,78.85
P0041,Appliances,5512.51,3808057.77,78.96
P0100,Appliances,5504.03,3813561.80,79.08
P0064,Electrical,5501.84,3819063.64,79.19
P0008,Hardware,5500.26,3824563.90,79.30
P0081,"Building Materials",5494.81,3830058.71,79.42
P0061,Plumbing,5491.05,3835549.76,79.53
P0062,"Lawn & Garden",5477.70,3841027.46,79.65
P0010,Plumbing,5474.06,3846501.52,79.76
P0083,"Building Materials",5457.34,3851958.86,79.87
P0012,"Building Materials",5436.43,3857395.29,79.99
P0067,Appliances,5435.12,3862830.41,80.10
P0040,Appliances,5419.42,3868249.83,80.21
P0075,Hardware,5413.90,3873663.73,80.32
P0091,paint,5393.93,3879057.66,80.43
P0074,"Lawn & Garden",5391.30,3884448.96,80.55
P0028,Plumbing,5388.20,3889837.16,80.66
P0070,Plumbing,5361.30,3895198.46,80.77
P0078,Electrical,5349.19,3900547.65,80.88
P0030,"Lawn & Garden",5347.95,3905895.60,80.99
P0027,"Building Materials",5332.89,3911228.49,81.10
P0010,"Building Materials",5329.19,3916557.68,81.21
P0018,Paint,5328.85,3921886.53,81.32
P0061,Paint,5318.73,3927205.26,81.43
P0095,Plumbing,5312.44,3932517.70,81.54
P0031,"Building Materials",5307.64,3937825.34,81.65
P0076,Appliances,5301.09,3943126.43,81.76
P0031,"Lawn & Garden",5286.65,3948413.08,81.87
P0016,Electrical,5249.63,3953662.71,81.98
P0072,Paint,5238.65,3958901.36,82.09
P0020,Electrical,5231.79,3964133.15,82.20
P0067,Hardware,5224.04,3969357.19,82.31
P0023,"Lawn & Garden",5211.21,3974568.40,82.42
P0092,Plumbing,5206.29,3979774.69,82.52
P0045,Hardware,5205.26,3984979.95,82.63
P0085,Plumbing,5200.15,3990180.10,82.74
P0070,Appliances,5192.18,3995372.28,82.85
P0086,Hardware,5190.03,4000562.31,82.95
P0053,"Lawn & Garden",5182.50,4005744.81,83.06
P0052,Electrical,5163.40,4010908.21,83.17
P0001,Electrical,5158.36,4016066.57,83.28
,Hardware,5149.96,4021216.53,83.38
P0088,Hardware,5137.77,4026354.30,83.49
P0059,"Lawn & Garden",5134.85,4031489.15,83.60
P0039,"Lawn & Garden",5133.65,4036622.80,83.70
P0073,Paint,5127.67,4041750.47,83.81
P0042,"Building Materials",5123.16,4046873.63,83.91
P0075,Paint,5114.66,4051988.29,84.02
P0076,Paint,5109.57,4057097.86,84.13
P0085,Appliances,5109.52,4062207.38,84.23
P0050,Electrical,5080.94,4067288.32,84.34
P0019,"Lawn & Garden",5062.15,4072350.47,84.44
P0002,Electrical,5042.67,4077393.14,84.55
P0025,Appliances,5040.37,4082433.51,84.65
P0005,Hardware,5035.10,4087468.61,84.76
P0035,Electrical,5033.98,4092502.59,84.86
P0001,"Lawn & Garden",5033.80,4097536.39,84.97
P0069,Plumbing,5011.72,4102548.11,85.07
P0013,Hardware,4998.43,4107546.54,85.17
P0027,Plumbing,4983.57,4112530.11,85.28
P0086,Appliances,4980.10,4117510.21,85.38
P0097,Electrical,4979.01,4122489.22,85.48
P0049,Electrical,4977.41,4127466.63,85.59
P0029,Paint,4929.77,4132396.40,85.69
P0047,Electrical,4928.32,4137324.72,85.79
P0032,Electrical,4912.70,4142237.42,85.89
P0026,Plumbing,4909.96,4147147.38,85.99
P0027,"Lawn & Garden",4909.00,4152056.38,86.10
P0005,"Building Materials",4896.47,4156952.85,86.20
P0023,Electrical,4869.04,4161821.89,86.30
P0005,Appliances,4852.24,4166674.13,86.40
P0038,Paint,4835.27,4171509.40,86.50
P0079,"Lawn & Garden",4828.63,4176338.03,86.60
P0076,Electrical,4818.21,4181156.24,86.70
P0081,Electrical,4812.79,4185969.03,86.80
P0067,"Building Materials",4808.17,4190777.20,86.90
P0044,Plumbing,4791.32,4195568.52,87.00
P0010,Electrical,4791.14,4200359.66,87.10
P0063,"Building Materials",4786.41,4205146.07,87.20
P0098,Plumbing,4786.29,4209932.36,87.30
P0015,"Building Materials",4761.29,4214693.65,87.39
P0093,"Lawn & Garden",4707.13,4219400.78,87.49
P0068,"Lawn & Garden",4688.11,4224088.89,87.59
P0069,Electrical,4682.46,4228771.35,87.69
P0049,"Lawn & Garden",4672.57,4233443.92,87.78
P0041,Plumbing,4669.61,4238113.53,87.88
P0006,Plumbing,4650.21,4242763.74,87.98
P0059,Plumbing,4649.45,4247413.19,88.07
P0039,Hardware,4638.71,4252051.90,88.17
P0094,"Building Materials",4638.14,4256690.04,88.27
P0052,Appliances,4627.21,4261317.25,88.36
P0048,"Lawn & Garden",4624.68,4265941.93,88.46
P0012,Electrical,4597.75,4270539.68,88.55
P0074,Appliances,4560.69,4275100.37,88.65
P0071,"Building Materials",4524.08,4279624.45,88.74
P0060,Paint,4505.06,4284129.51,88.83
P0006,Electrical,4493.80,4288623.31,88.93
P0099,Plumbing,4488.05,4293111.36,89.02
P0066,Plumbing,4476.52,4297587.88,89.11
P0090,Paint,4467.59,4302055.47,89.21
P0058,"Lawn & Garden",4457.95,4306513.42,89.30
P0077,Electrical,4417.62,4310931.04,89.39
P0040,Hardware,4405.59,4315336.63,89.48
P0042,Paint,4400.77,4319737.40,89.57
P0056,Plumbing,4379.80,4324117.20,89.66
P0028,Paint,4373.45,4328490.65,89.75
P0082,"Building Materials",4353.42,4332844.07,89.84
P0079,Electrical,4351.16,4337195.23,89.93
P0057,Paint,4342.95,4341538.18,90.02
P0032,"Lawn & Garden",4336.30,4345874.48,90.11
P0067,Electrical,4332.53,4350207.01,90.20
P0076,Hardware,4305.72,4354512.73,90.29
P0023,Appliances,4302.80,4358815.53,90.38
P0060,"Building Materials",4295.61,4363111.14,90.47
P0042,Appliances,4287.83,4367398.97,90.56
P0003,Plumbing,4260.87,4371659.84,90.65
P0049,Plumbing,4258.30,4375918.14,90.74
P0086,Paint,4253.22,4380171.36,90.83
P0078,Paint,4205.26,4384376.62,90.91
P0057,"Building Materials",4182.30,4388558.92,91.00
P0082,Electrical,4180.90,4392739.82,91.09
P0059,Hardware,4168.23,4396908.05,91.17
P0047,"Building Materials",4156.82,4401064.87,91.26
P0043,Paint,4155.47,4405220.34,91.35
P0073,Electrical,4146.84,4409367.18,91.43
P0081,Paint,4146.53,4413513.71,91.52
P0054,Electrical,4142.67,4417656.38,91.60
P0077,"Building Materials",4109.04,4421765.42,91.69
P0001,"Building Materials",4105.10,4425870.52,91.77
P0049,Paint,4091.89,4429962.41,91.86
P0041,Electrical,4083.48,4434045.89,91.94
P0091,Hardware,4080.22,4438126.11,92.03
P0066,Paint,4071.86,4442197.97,92.11
P0082,Plumbing,4064.73,4446262.70,92.20
P0091,Plumbing,4059.93,4450322.63,92.28
P0032,Appliances,4020.69,4454343.32,92.36
P0094,Appliances,4005.41,4458348.73,92.45
P0066,Hardware,3980.89,4462329.62,92.53
P0081,Hardware,3977.06,4466306.68,92.61
P0065,"Lawn & Garden",3966.63,4470273.31,92.69
P0073,Appliances,3952.50,4474225.81,92.78
P0027,Paint,3946.07,4478171.88,92.86
P0006,"Building Materials",3939.00,4482110.88,92.94
P0043,Appliances,3936.51,4486047.39,93.02
P0096,Plumbing,3933.04,4489980.43,93.10
P0048,Paint,3930.32,4493910.75,93.18
P0082,Paint,3918.97,4497829.72,93.27
P0070,"Building Materials",3849.08,4501678.80,93.35
P0004,Appliances,3847.69,4505526.49,93.43
P0030,Paint,3843.52,4509370.01,93.50
P0077,Hardware,3820.83,4513190.84,93.58
P0001,Paint,3811.42,4517002.26,93.66
P0013,"Building Materials",3803.28,4520805.54,93.74
P0035,Paint,3794.85,4524600.39,93.82
P0071,Electrical,3794.50,4528394.89,93.90
P0078,Appliances,3794.33,4532189.22,93.98
P0078,Plumbing,3771.19,4535960.41,94.06
P0013,Plumbing,3758.02,4539718.43,94.13
P0007,Plumbing,3727.63,4543446.06,94.21
P0081,"Lawn & Garden",3709.01,4547155.07,94.29
P0089,Plumbing,3707.33,4550862.40,94.37
P0093,Appliances,3702.32,4554564.72,94.44
P0099,Appliances,3651.86,4558216.58,94.52
P0036,Plumbing,3645.37,4561861.95,94.59
P0012,"Lawn & Garden",3644.11,4565506.06,94.67
P0062,Appliances,3609.19,4569115.25,94.74
P0036,Electrical,3595.59,4572710.84,94.82
P0093,Hardware,3593.39,4576304.23,94.89
P0090,"Lawn & Garden",3591.19,4579895.42,94.97
P0040,"Building Materials",3584.59,4583480.01,95.04
P0075,Appliances,3541.97,4587021.98,95.12
P0021,Appliances,3524.06,4590546.04,95.19
P0001,Plumbing,3511.13,4594057.17,95.26
P0007,Appliances,3508.12,4597565.29,95.33
,Appliances,3485.68,4601050.97,95.41
P0040,Plumbing,3465.54,4604516.51,95.48
,"Lawn & Garden",3451.26,4607967.77,95.55
P0060,Electrical,3443.10,4611410.87,95.62
P0055,Electrical,3431.21,4614842.08,95.69
P0093,Plumbing,3396.67,4618238.75,95.76
P0058,Paint,3371.06,4621609.81,95.83
P0009,Plumbing,3318.98,4624928.79,95.90
P0025,Hardware,3311.33,4628240.12,95.97
P0046,"Lawn & Garden",3296.96,4631537.08,96.04
P0009,"Lawn & Garden",3266.48,4634803.56,96.11
P0084,Appliances,3222.50,4638026.06,96.17
P0060,Appliances,3218.68,4641244.74,96.24
P0015,Appliances,3200.94,4644445.68,96.31
P0052,Plumbing,3163.52,4647609.20,96.37
P0054,Paint,3129.69,4650738.89,96.44
P0051,Electrical,3112.85,4653851.74,96.50
P0065,"Building Materials",3110.95,4656962.69,96.57
P0090,Appliances,3106.30,4660068.99,96.63
P0010,Appliances,3082.89,4663151.88,96.69
P0083,Plumbing,3070.49,4666222.37,96.76
P0013,Paint,3051.16,4669273.53,96.82
P0075,"Building Materials",3048.93,4672322.46,96.88
P0036,Paint,3047.79,4675370.25,96.95
P0073,Hardware,3035.88,4678406.13,97.01
P0033,"Building Materials",3019.12,4681425.25,97.07
P0033,Paint,3019.09,4684444.34,97.14
P0015,Plumbing,2971.45,4687415.79,97.20
P0065,Hardware,2967.14,4690382.93,97.26
P0019,Hardware,2961.14,4693344.07,97.32
P0035,Appliances,2955.70,4696299.77,97.38
P0050,Paint,2946.82,4699246.59,97.44
P0046,Paint,2945.83,4702192.42,97.50
P0087,"Building Materials",2932.03,4705124.45,97.56
P0088,"Building Materials",2926.20,4708050.65,97.62
P0085,"Lawn & Garden",2919.70,4710970.35,97.69
P0083,Appliances,2875.65,4713846.00,97.74
P0003,Electrical,2872.94,4716718.94,97.80
P0020,Plumbing,2870.45,4719589.39,97.86
P0038,"Building Materials",2851.71,4722441.10,97.92
P0008,"Building Materials",2836.07,4725277.17,97.98
P0088,Paint,2744.26,4728021.43,98.04
P0090,Electrical,2721.64,4730743.07,98.10
P0084,Plumbing,2712.33,4733455.40,98.15
P0033,Appliances,2699.78,4736155.18,98.21
P0048,Plumbing,2687.50,4738842.68,98.26
P0020,Appliances,2687.22,4741529.90,98.32
P0080,Hardware,2656.90,4744186.80,98.37
P0009,Paint,2648.11,4746834.91,98.43
P0030,Electrical,2631.51,4749466.42,98.48
P0034,Appliances,2622.64,4752089.06,98.54
P0031,Appliances,2618.48,4754707.54,98.59
P0094,Plumbing,2567.24,4757274.78,98.65
P0024,"Lawn & Garden",2554.75,4759829.53,98.70
P0014,Paint,2536.02,4762365.55,98.75
P0098,Hardware,2531.04,4764896.59,98.80
P0029,Hardware,2517.55,4767414.14,98.86
P0020,Paint,2511.09,4769925.23,98.91
P0028,Hardware,2483.95,4772409.18,98.96
P0034,Hardware,2389.05,4774798.23,99.01
P0087,Plumbing,2352.28,4777150.51,99.06
P0062,Hardware,2331.75,4779482.26,99.11
P0010,"Lawn & Garden",2314.81,4781797.07,99.15
P0074,Electrical,2294.14,4784091.21,99.20
P0059,Paint,2262.14,4786353.35,99.25
P0079,Plumbing,2249.99,4788603.34,99.29
P0051,"Building Materials",2221.77,4790825.11,99.34
P0024,Paint,2187.57,4793012.68,99.39
P0063,Plumbing,2167.57,4795180.25,99.43
P0030,Plumbing,2124.65,4797304.90,99.48
P0089,Electrical,2089.95,4799394.85,99.52
P0097,"Lawn & Garden",2089.26,4801484.11,99.56
P0003,"Building Materials",2073.73,4803557.84,99.61
P0053,Plumbing,2058.92,4805616.76,99.65
P0002,Appliances,2025.89,4807642.65,99.69
P0077,Paint,1946.47,4809589.12,99.73
P0014,Plumbing,1848.94,4811438.06,99.77
P0069,"Building Materials",1709.55,4813147.61,99.80
P0071,Paint,1623.30,4814770.91,99.84
P0022,"Lawn & Garden",1578.89,4816349.80,99.87
P0084,"Lawn & Garden",1291.82,4817641.62,99.90
P0044,"Lawn & Garden",1270.51,4818912.13,99.92
P0016,Appliances,1237.61,4820149.74,99.95
P0058,Electrical,1226.24,4821375.98,99.97
P0009,Electrical,882.99,4822258.97,99.99
P0051,Hardware,347.49,4822606.46,100.00
